id,location,latitude,longitude,time_of_day,weather,road_type,traffic_density,accident_count,risk_level
1,Sitabuldi Junction,21.15184,79.07046,6,Cloudy,Junction,High,3,Medium
2,Wardha Road,21.08165,79.06447,23,Cloudy,Junction,Low,3,Medium
3,Hingna T Point,21.09802,78.96053,9,Clear,Ring Road,Low,4,Low
4,Chatrapati Square,21.10188,79.11147,13,Cloudy,Highway,Low,3,Low
5,Ravi Nagar,21.13081,79.07207,3,Clear,Urban,Medium,2,Medium
6,Dharampeth,21.11661,79.05063,15,Clear,City Road,Medium,8,Low
7,Civil Lines,21.13454,79.07744,8,Cloudy,Junction,Low,5,Low
8,Trimurti Nagar,21.12662,79.05643,23,Fog,City Road,Low,6,High
9,Pratap Nagar,21.13271,79.05595,9,Rain,Junction,High,4,Medium
10,Zero Mile,21.1306,79.07672,18,Clear,Ring Road,High,8,Medium
11,Itwari,21.16012,79.09735,19,Rain,Highway,Low,4,Medium
12,Sadar,21.13162,79.0751,16,Clear,Junction,Medium,5,Medium
13,Nandanvan,21.13143,79.10361,0,Clear,Junction,Medium,6,High
14,Mankapur,21.10385,79.05762,0,Clear,City Road,Medium,5,Medium
15,Nagpur Railway Stn,21.14811,79.08619,7,Rain,Ring Road,Low,4,Medium
16,Ambazari,21.14191,79.00334,1,Haze,Ring Road,Medium,6,Medium
17,Beltarodi,21.0502,79.01643,16,Clear,Flyover,Medium,0,Medium
18,Koradi,21.24976,78.98715,17,Rain,Highway,High,1,High
19,Butibori,20.97525,79.06179,23,Fog,Flyover,Medium,3,High
20,MIDC Hingna,21.09582,78.98708,0,Rain,City Road,Low,2,Medium
21,Sitabuldi Junction,21.16325,79.09604,13,Haze,Highway,Low,8,Medium
22,Wardha Road,21.10395,79.04546,7,Clear,Junction,Medium,3,Medium
23,Hingna T Point,21.10313,78.96144,21,Rain,Highway,High,10,High
24,Chatrapati Square,21.10913,79.10002,21,Rain,Junction,Low,4,High
25,Ravi Nagar,21.13234,79.06476,3,Cloudy,Junction,Medium,2,Medium
26,Dharampeth,21.11959,79.05375,4,Clear,Junction,Medium,3,Medium
27,Civil Lines,21.13681,79.07868,7,Haze,City Road,Medium,3,Low
28,Trimurti Nagar,21.15553,79.06028,4,Clear,Highway,High,1,High
29,Pratap Nagar,21.11513,79.06626,3,Clear,Highway,Medium,2,High
30,Zero Mile,21.15903,79.09264,4,Fog,City Road,High,7,High
31,Itwari,21.15056,79.115,0,Haze,Ring Road,Low,1,Medium
32,Sadar,21.14702,79.1,1,Clear,City Road,Medium,2,Medium
33,Nandanvan,21.11412,79.1361,3,Clear,Urban,High,7,Medium
34,Mankapur,21.13622,79.02365,19,Cloudy,Highway,High,1,Medium
35,Nagpur Railway Stn,21.13441,79.10285,6,Haze,Urban,Medium,2,Medium
36,Ambazari,21.14191,78.98334,15,Cloudy,Junction,Medium,2,Medium
37,Beltarodi,21.07325,79.04453,17,Haze,Urban,High,6,Medium
38,Koradi,21.24697,79.01625,21,Cloudy,Ring Road,High,4,Medium
39,Butibori,20.97113,79.04745,6,Rain,Highway,Medium,7,Medium
40,MIDC Hingna,21.09782,78.98302,11,Haze,City Road,Medium,3,Low
41,Sitabuldi Junction,21.15061,79.0793,14,Fog,Urban,Medium,3,Medium
42,Wardha Road,21.10255,79.06739,3,Rain,Highway,Medium,5,High
43,Hingna T Point,21.11242,78.99949,12,Haze,Flyover,High,5,Medium
44,Chatrapati Square,21.10585,79.07565,16,Rain,Urban,Medium,3,Medium
45,Ravi Nagar,21.12415,79.06187,22,Cloudy,Flyover,High,7,High
46,Dharampeth,21.11115,79.08021,1,Rain,Junction,Medium,8,High
47,Civil Lines,21.15004,79.10142,20,Fog,Flyover,High,5,High
48,Trimurti Nagar,21.14983,79.0419,22,Rain,Urban,High,4,High
49,Pratap Nagar,21.12997,79.05261,10,Rain,Highway,Medium,4,Medium
50,Zero Mile,21.14815,79.08898,17,Fog,Junction,High,2,High
51,Itwari,21.16773,79.08858,11,Clear,Highway,Medium,3,Medium
52,Sadar,21.13621,79.06662,14,Rain,Ring Road,Low,3,Low
53,Nandanvan,21.1108,79.11288,2,Cloudy,City Road,Medium,3,Medium
54,Mankapur,21.12337,79.04947,6,Clear,City Road,Low,4,Low
55,Nagpur Railway Stn,21.13539,79.06907,14,Fog,Highway,Low,4,Medium
56,Ambazari,21.14009,78.97137,5,Rain,City Road,High,2,High
57,Beltarodi,21.07892,79.04283,7,Fog,Ring Road,High,2,Medium
58,Koradi,21.2397,78.98459,1,Rain,City Road,Low,4,Medium
59,Butibori,20.95253,79.0696,13,Clear,City Road,Low,2,Low
60,MIDC Hingna,21.07467,78.99893,12,Fog,Junction,Low,0,Medium
61,Sitabuldi Junction,21.14878,79.10187,5,Rain,Highway,High,5,High
62,Wardha Road,21.09353,79.06732,7,Cloudy,Urban,High,5,Low
63,Hingna T Point,21.10497,78.96468,7,Rain,Highway,Medium,5,Medium
64,Chatrapati Square,21.13164,79.08083,5,Clear,Urban,Medium,7,Medium
65,Ravi Nagar,21.121,79.04417,3,Rain,Urban,High,4,High
66,Dharampeth,21.12694,79.06152,11,Cloudy,Junction,Medium,6,Medium
67,Civil Lines,21.1689,79.09329,10,Clear,City Road,Medium,1,Low
68,Trimurti Nagar,21.15862,79.06443,9,Cloudy,Highway,Low,1,Low
69,Pratap Nagar,21.12711,79.03219,0,Clear,Ring Road,High,5,Medium
70,Zero Mile,21.16271,79.07753,8,Clear,Highway,High,5,Medium
71,Itwari,21.15616,79.10349,6,Clear,Junction,Medium,3,Medium
72,Sadar,21.16622,79.06951,21,Clear,Ring Road,Medium,3,Medium
73,Nandanvan,21.13239,79.10621,16,Clear,City Road,Medium,3,Low
74,Mankapur,21.11016,79.02784,0,Clear,Junction,High,8,High
75,Nagpur Railway Stn,21.16013,79.09821,7,Clear,Urban,Low,2,Low
76,Ambazari,21.13584,79.00323,3,Haze,Junction,Medium,2,High
77,Beltarodi,21.06638,79.03208,15,Clear,City Road,Medium,5,Low
78,Koradi,21.24939,79.0005,1,Cloudy,Junction,High,5,High
79,Butibori,20.97217,79.05606,8,Rain,City Road,Low,4,Low
80,MIDC Hingna,21.08533,79.00076,11,Clear,Junction,Low,7,Medium
81,Sitabuldi Junction,21.13768,79.09086,1,Clear,Urban,Low,3,Medium
82,Wardha Road,21.10366,79.07386,1,Rain,Ring Road,Low,3,Medium
83,Hingna T Point,21.11848,78.9916,12,Clear,City Road,Medium,5,Low
84,Chatrapati Square,21.1273,79.07687,22,Rain,Junction,High,9,High
85,Ravi Nagar,21.14948,79.06878,15,Haze,Junction,Medium,3,Medium
86,Dharampeth,21.1329,79.08216,17,Rain,City Road,Medium,6,Medium
87,Civil Lines,21.16956,79.09695,3,Cloudy,Highway,Medium,3,Medium
88,Trimurti Nagar,21.14823,79.03887,6,Clear,Junction,Low,1,Medium
89,Pratap Nagar,21.12911,79.06062,9,Clear,Highway,Medium,1,Low
90,Zero Mile,21.12978,79.0843,4,Clear,Junction,High,5,High
91,Itwari,21.14261,79.08308,23,Cloudy,City Road,High,4,Medium
92,Sadar,21.14615,79.09163,8,Clear,Urban,Medium,5,Low
93,Nandanvan,21.11518,79.13555,16,Clear,Flyover,Low,4,Low
94,Mankapur,21.11039,79.04894,1,Cloudy,Flyover,Medium,3,High
95,Nagpur Railway Stn,21.13981,79.09212,17,Clear,Junction,Medium,3,Medium
96,Ambazari,21.14163,79.00417,12,Clear,Flyover,High,9,Medium
97,Beltarodi,21.06035,79.01773,18,Cloudy,Junction,High,2,High
98,Koradi,21.26044,79.00165,12,Fog,Ring Road,Medium,4,Medium
99,Butibori,20.95269,79.05329,1,Clear,City Road,High,3,Medium
100,MIDC Hingna,21.10286,78.99487,0,Clear,Junction,High,6,High
101,Sitabuldi Junction,21.15671,79.0774,18,Clear,Junction,Low,5,Medium
102,Wardha Road,21.10936,79.05637,10,Clear,Ring Road,Low,5,Low
103,Hingna T Point,21.11084,78.99379,5,Clear,Junction,Low,5,Medium
104,Chatrapati Square,21.12443,79.09939,19,Clear,Urban,Low,4,Low
105,Ravi Nagar,21.13321,79.03546,19,Rain,Junction,Medium,2,High
106,Dharampeth,21.13284,79.05073,17,Fog,Highway,High,8,High
107,Civil Lines,21.13551,79.07903,21,Fog,Urban,Medium,0,Medium
108,Trimurti Nagar,21.15182,79.06606,0,Cloudy,Highway,Medium,4,Medium
109,Pratap Nagar,21.12635,79.05124,2,Cloudy,City Road,Medium,8,Medium
110,Zero Mile,21.15597,79.10247,8,Clear,Highway,High,5,Medium
111,Itwari,21.17253,79.11029,20,Fog,City Road,Medium,6,High
112,Sadar,21.15931,79.08077,23,Rain,Highway,Medium,4,High
113,Nandanvan,21.14104,79.11621,1,Rain,Urban,Medium,4,Medium
114,Mankapur,21.1039,79.0362,22,Fog,Highway,Medium,2,High
115,Nagpur Railway Stn,21.15684,79.07023,13,Rain,Highway,Medium,3,Medium
116,Ambazari,21.12438,78.99282,12,Clear,Junction,High,4,Medium
117,Beltarodi,21.08223,79.03341,11,Fog,Junction,Low,2,Medium
118,Koradi,21.2556,78.98899,14,Rain,City Road,Low,3,Low
119,Butibori,20.96819,79.05062,4,Haze,Highway,Medium,1,High
120,MIDC Hingna,21.09932,78.9865,17,Clear,City Road,Low,2,Low
121,Sitabuldi Junction,21.12702,79.10544,20,Clear,Urban,Medium,7,Medium
122,Wardha Road,21.0942,79.05272,13,Haze,City Road,High,4,Medium
123,Hingna T Point,21.08481,78.98178,0,Rain,Flyover,High,8,High
124,Chatrapati Square,21.10959,79.07803,20,Clear,Highway,Medium,4,Medium
125,Ravi Nagar,21.12484,79.05407,2,Clear,City Road,High,6,Medium
126,Dharampeth,21.11783,79.0503,10,Cloudy,Flyover,High,1,Medium
127,Civil Lines,21.15292,79.0918,14,Clear,Ring Road,Medium,3,Low
128,Trimurti Nagar,21.15938,79.05999,14,Rain,City Road,Low,5,Low
129,Pratap Nagar,21.0951,79.05752,6,Clear,Urban,Low,4,Low
130,Zero Mile,21.15742,79.07859,20,Cloudy,Junction,Low,5,Medium
131,Itwari,21.15672,79.10261,18,Cloudy,Urban,High,3,Medium
132,Sadar,21.16981,79.06676,21,Clear,City Road,Medium,4,Medium
133,Nandanvan,21.13413,79.11349,20,Fog,Highway,Medium,1,High
134,Mankapur,21.13327,79.04678,6,Cloudy,Highway,Medium,5,Medium
135,Nagpur Railway Stn,21.14451,79.06741,11,Clear,City Road,High,6,Medium
136,Ambazari,21.10645,78.98133,11,Clear,Ring Road,Medium,4,Low
137,Beltarodi,21.08021,79.01511,7,Cloudy,Ring Road,Low,6,Low
138,Koradi,21.24524,78.99385,15,Rain,Junction,Low,2,Medium
139,Butibori,20.97159,79.05512,8,Rain,Flyover,Low,6,Medium
140,MIDC Hingna,21.07615,78.98894,23,Rain,Urban,Low,3,Medium
141,Sitabuldi Junction,21.13165,79.0829,13,Haze,City Road,High,6,Low
142,Wardha Road,21.09377,79.07746,7,Rain,City Road,Low,2,Low
143,Hingna T Point,21.11979,78.96231,19,Rain,Junction,Medium,3,High
144,Chatrapati Square,21.10761,79.10276,23,Clear,Highway,Low,2,Medium
145,Ravi Nagar,21.12278,79.04971,0,Rain,Ring Road,High,5,High
146,Dharampeth,21.12665,79.06925,21,Cloudy,Urban,High,0,Medium
147,Civil Lines,21.15784,79.08497,21,Cloudy,City Road,Medium,5,Medium
148,Trimurti Nagar,21.12909,79.05435,22,Clear,Junction,High,7,High
149,Pratap Nagar,21.1308,79.05747,8,Fog,Highway,Low,3,Medium
150,Zero Mile,21.12772,79.09745,14,Cloudy,City Road,High,3,Low
151,Itwari,21.14174,79.10761,0,Clear,Junction,Low,6,Medium
152,Sadar,21.13516,79.0859,7,Clear,Junction,Low,5,Low
153,Nandanvan,21.14681,79.12083,13,Clear,Ring Road,Medium,3,Low
154,Mankapur,21.12452,79.05772,1,Clear,Highway,High,3,Medium
155,Nagpur Railway Stn,21.15696,79.09125,19,Clear,Junction,High,8,High
156,Ambazari,21.14501,78.98884,10,Clear,Urban,Low,4,Low
157,Beltarodi,21.05037,79.01987,22,Cloudy,Urban,Medium,7,Medium
158,Koradi,21.25155,79.00097,4,Cloudy,Highway,Low,7,Medium
159,Butibori,20.98985,79.04473,9,Cloudy,Junction,High,4,Medium
160,MIDC Hingna,21.09478,78.99422,3,Fog,Flyover,Medium,3,High
161,Sitabuldi Junction,21.15286,79.1004,12,Clear,City Road,Medium,3,Low
162,Wardha Road,21.08313,79.05736,18,Rain,Junction,Low,6,High
163,Hingna T Point,21.11965,78.98989,17,Rain,Junction,High,5,High
164,Chatrapati Square,21.10147,79.10837,6,Rain,City Road,Low,2,Low
165,Ravi Nagar,21.13424,79.05241,12,Fog,Ring Road,High,2,Medium
166,Dharampeth,21.11229,79.05901,4,Fog,City Road,Low,3,Medium
167,Civil Lines,21.14188,79.10125,11,Clear,Urban,Medium,2,Low
168,Trimurti Nagar,21.14979,79.05048,23,Haze,Highway,Medium,4,High
169,Pratap Nagar,21.13247,79.03409,20,Rain,Highway,Medium,2,High
170,Zero Mile,21.13855,79.10548,11,Cloudy,City Road,Medium,4,Low
171,Itwari,21.16611,79.10294,11,Clear,Junction,Low,4,Low
172,Sadar,21.16478,79.07971,5,Clear,Flyover,Medium,3,High
173,Nandanvan,21.11659,79.11321,6,Rain,Junction,Medium,3,Medium
174,Mankapur,21.13003,79.04232,13,Cloudy,Junction,Low,4,Low
175,Nagpur Railway Stn,21.16448,79.07315,1,Clear,City Road,High,4,Medium
176,Ambazari,21.14228,78.99011,9,Clear,Highway,High,3,Medium
177,Beltarodi,21.07931,79.04282,19,Rain,Junction,Medium,4,High
178,Koradi,21.26528,78.9971,4,Rain,City Road,Low,8,Medium
179,Butibori,20.96347,79.04186,22,Clear,Urban,Low,2,Medium
180,MIDC Hingna,21.07695,79.00848,5,Rain,Urban,Medium,6,High
181,Sitabuldi Junction,21.13596,79.06944,23,Clear,Urban,Medium,6,Medium
182,Wardha Road,21.07308,79.05362,15,Clear,Highway,Low,4,Low
183,Hingna T Point,21.10242,78.96444,14,Clear,Junction,Low,7,Medium
184,Chatrapati Square,21.11736,79.07619,23,Rain,Junction,Medium,4,High
185,Ravi Nagar,21.12626,79.06991,5,Clear,Flyover,Low,3,Medium
186,Dharampeth,21.13269,79.06135,13,Clear,Junction,Low,1,Low
187,Civil Lines,21.16378,79.06639,13,Rain,Highway,Low,5,Medium
188,Trimurti Nagar,21.1545,79.04901,2,Clear,Urban,Medium,3,Medium
189,Pratap Nagar,21.1307,79.04974,8,Fog,Flyover,High,4,High
190,Zero Mile,21.15767,79.10643,7,Haze,Highway,High,3,Medium
191,Itwari,21.13963,79.0868,11,Haze,City Road,High,3,Medium
192,Sadar,21.15096,79.06152,9,Haze,Highway,Medium,3,Medium
193,Nandanvan,21.12111,79.13267,13,Clear,Flyover,High,3,Medium
194,Mankapur,21.11578,79.03687,16,Fog,Junction,Medium,6,Medium
195,Nagpur Railway Stn,21.12752,79.09986,11,Cloudy,Urban,Low,6,Low
196,Ambazari,21.10924,78.97251,17,Clear,Highway,Medium,3,Medium
197,Beltarodi,21.07552,79.03964,14,Fog,Highway,Medium,5,Medium
198,Koradi,21.24597,79.01641,5,Cloudy,Ring Road,High,3,Medium
199,Butibori,20.98447,79.05361,16,Clear,City Road,High,3,Low
200,MIDC Hingna,21.09822,79.00754,11,Cloudy,Flyover,High,5,Medium
201,Sitabuldi Junction,21.12607,79.08363,6,Rain,Junction,Medium,3,Medium
202,Wardha Road,21.08942,79.0411,10,Clear,Urban,Medium,5,Low
203,Hingna T Point,21.09157,78.996,2,Haze,Highway,Low,1,Medium
204,Chatrapati Square,21.12216,79.08127,4,Haze,Highway,High,7,High
205,Ravi Nagar,21.14823,79.05679,16,Rain,Junction,Low,5,Medium
206,Dharampeth,21.12581,79.05158,0,Rain,Junction,Medium,8,High
207,Civil Lines,21.13431,79.09223,16,Fog,Ring Road,Low,4,Medium
208,Trimurti Nagar,21.13313,79.05847,8,Cloudy,Ring Road,Low,6,Low
209,Pratap Nagar,21.10748,79.04224,14,Fog,Ring Road,Medium,7,Medium
210,Zero Mile,21.15371,79.09651,4,Rain,City Road,High,1,High
211,Itwari,21.14056,79.08143,21,Rain,City Road,Medium,6,High
212,Sadar,21.1466,79.07758,7,Cloudy,Urban,High,4,Low
213,Nandanvan,21.14368,79.10969,5,Clear,City Road,Medium,2,Medium
214,Mankapur,21.13717,79.0362,5,Clear,Junction,Medium,3,High
215,Nagpur Railway Stn,21.14387,79.08843,21,Clear,City Road,Low,5,Medium
216,Ambazari,21.12893,78.9741,7,Rain,City Road,Medium,3,Medium
217,Beltarodi,21.0786,79.03374,22,Fog,Highway,Low,5,High
218,Koradi,21.24441,78.99082,16,Clear,Flyover,Low,3,Low
219,Butibori,20.96551,79.05531,1,Clear,Urban,High,4,Medium
220,MIDC Hingna,21.09704,79.01776,23,Fog,Junction,Low,3,High
221,Sitabuldi Junction,21.14311,79.08651,8,Clear,Urban,Medium,1,Low
222,Wardha Road,21.10479,79.06922,17,Fog,Urban,Low,5,Medium
223,Hingna T Point,21.10853,78.96797,21,Clear,Urban,Medium,4,Medium
224,Chatrapati Square,21.13694,79.10863,3,Clear,Junction,Medium,5,High
225,Ravi Nagar,21.13576,79.0621,16,Clear,Highway,Medium,3,Medium
226,Dharampeth,21.1253,79.06471,19,Rain,Highway,Low,3,Medium
227,Civil Lines,21.17097,79.09888,4,Clear,Junction,Low,4,Medium
228,Trimurti Nagar,21.16098,79.05641,8,Rain,Flyover,Medium,2,Medium
229,Pratap Nagar,21.12403,79.05679,1,Fog,City Road,Low,7,Medium
230,Zero Mile,21.1552,79.08915,9,Clear,Highway,High,6,Medium
231,Itwari,21.16824,79.09537,8,Fog,Urban,High,2,Medium
232,Sadar,21.14955,79.09721,20,Haze,City Road,High,5,High
233,Nandanvan,21.13374,79.10292,11,Cloudy,Ring Road,High,8,Low
234,Mankapur,21.1124,79.02928,21,Clear,Junction,High,8,High
235,Nagpur Railway Stn,21.13877,79.09892,10,Fog,Junction,Medium,2,Medium
236,Ambazari,21.14246,78.97545,7,Cloudy,Highway,Low,2,Low
237,Beltarodi,21.07256,79.02434,22,Haze,Ring Road,Low,7,Medium
238,Koradi,21.23915,79.01825,3,Cloudy,Ring Road,High,3,Medium
239,Butibori,20.98786,79.0657,21,Cloudy,Highway,High,5,High
240,MIDC Hingna,21.09375,78.98131,20,Cloudy,Flyover,High,3,High
241,Sitabuldi Junction,21.14281,79.0697,13,Clear,Junction,High,7,Medium
242,Wardha Road,21.08217,79.05216,20,Cloudy,Junction,Medium,3,High
243,Hingna T Point,21.09348,78.99998,2,Cloudy,Junction,Low,8,Medium
244,Chatrapati Square,21.12887,79.08179,3,Haze,Urban,Medium,3,Medium
245,Ravi Nagar,21.12188,79.0739,8,Clear,City Road,Medium,4,Low
246,Dharampeth,21.14402,79.06378,23,Clear,Junction,Low,2,Medium
247,Civil Lines,21.16138,79.08037,1,Cloudy,Junction,Medium,8,High
248,Trimurti Nagar,21.15325,79.04937,18,Cloudy,Junction,High,4,Medium
249,Pratap Nagar,21.12986,79.05891,7,Clear,City Road,High,5,Low
250,Zero Mile,21.12699,79.08323,4,Clear,Highway,High,5,High
251,Itwari,21.16522,79.0945,4,Rain,City Road,Medium,3,Medium
252,Sadar,21.16795,79.09789,1,Clear,Highway,High,7,High
253,Nandanvan,21.12057,79.10821,7,Clear,City Road,Low,5,Low
254,Mankapur,21.13806,79.03189,2,Clear,Highway,Medium,3,Medium
255,Nagpur Railway Stn,21.13588,79.06508,21,Fog,City Road,Low,6,High
256,Ambazari,21.10702,78.99262,3,Haze,Junction,Low,7,High
257,Beltarodi,21.05337,79.04229,16,Rain,Ring Road,Low,6,Medium
258,Koradi,21.25358,79.00453,14,Clear,Highway,High,0,Medium
259,Butibori,20.96083,79.0399,8,Clear,Urban,Low,3,Low
260,MIDC Hingna,21.08974,78.99133,7,Rain,Highway,Low,5,Medium
261,Sitabuldi Junction,21.14733,79.07895,23,Clear,City Road,High,3,Medium
262,Wardha Road,21.09597,79.07745,0,Cloudy,Urban,High,5,Medium
263,Hingna T Point,21.09964,78.99708,17,Cloudy,Highway,Medium,1,Medium
264,Chatrapati Square,21.1382,79.10497,14,Clear,Urban,Low,4,Low
265,Ravi Nagar,21.12915,79.06814,2,Cloudy,Urban,Low,3,Low
266,Dharampeth,21.12571,79.07213,12,Clear,Ring Road,High,5,Low
267,Civil Lines,21.14844,79.09388,2,Clear,City Road,High,4,Medium
268,Trimurti Nagar,21.15375,79.0573,19,Clear,Junction,Low,0,Low
269,Pratap Nagar,21.10744,79.03868,17,Clear,City Road,Medium,5,Low
270,Zero Mile,21.13307,79.0876,14,Rain,Junction,Low,7,Medium
271,Itwari,21.16872,79.11926,18,Rain,City Road,Low,7,Medium
272,Sadar,21.15924,79.08273,0,Clear,Urban,Low,5,Medium
273,Nandanvan,21.12937,79.10053,0,Rain,Flyover,Low,3,High
274,Mankapur,21.13509,79.03558,13,Rain,Flyover,High,1,High
275,Nagpur Railway Stn,21.13992,79.0799,7,Haze,Junction,Medium,3,Medium
276,Ambazari,21.11511,78.99577,22,Rain,City Road,High,2,High
277,Beltarodi,21.07192,79.03084,16,Rain,City Road,Low,1,Low
278,Koradi,21.24563,78.98635,6,Fog,Urban,Low,4,Medium
279,Butibori,20.96255,79.03966,15,Cloudy,City Road,Medium,5,Low
280,MIDC Hingna,21.09785,78.99531,1,Rain,Ring Road,Medium,1,Medium
281,Sitabuldi Junction,21.13455,79.09201,22,Fog,Urban,Low,5,Medium
282,Wardha Road,21.08856,79.05056,21,Clear,Urban,High,6,Medium
283,Hingna T Point,21.10992,78.99251,20,Cloudy,Flyover,Medium,6,High
284,Chatrapati Square,21.11695,79.0803,5,Clear,Ring Road,Medium,5,Medium
285,Ravi Nagar,21.11563,79.03569,19,Cloudy,Flyover,Medium,0,Medium
286,Dharampeth,21.1383,79.06557,23,Fog,Urban,Low,9,Medium
287,Civil Lines,21.1696,79.08516,19,Rain,Flyover,Medium,5,High
288,Trimurti Nagar,21.15077,79.06697,10,Cloudy,Highway,High,3,Medium
289,Pratap Nagar,21.12853,79.06411,21,Clear,Junction,Medium,6,High
290,Zero Mile,21.14991,79.0818,5,Rain,City Road,Medium,4,High
291,Itwari,21.14281,79.08922,21,Fog,Junction,Low,8,High
292,Sadar,21.13298,79.10031,4,Cloudy,City Road,High,3,Medium
293,Nandanvan,21.1312,79.13941,16,Fog,Flyover,Medium,4,Medium
294,Mankapur,21.13306,79.03462,7,Clear,Junction,Low,3,Low
295,Nagpur Railway Stn,21.138,79.08754,3,Fog,Junction,Low,4,High
296,Ambazari,21.11337,79.00432,4,Rain,Urban,Medium,1,Medium
297,Beltarodi,21.07669,79.04108,0,Rain,Highway,High,2,High
298,Koradi,21.25091,78.99883,14,Clear,Junction,Low,3,Medium
299,Butibori,20.98806,79.03702,8,Rain,City Road,High,5,Medium
300,MIDC Hingna,21.10419,78.98661,18,Fog,City Road,High,5,Medium
301,Sitabuldi Junction,21.12928,79.09047,2,Clear,Junction,High,5,High
302,Wardha Road,21.07003,79.07483,4,Clear,Urban,Low,3,Medium
303,Hingna T Point,21.11698,78.99143,17,Clear,Highway,Low,3,Medium
304,Chatrapati Square,21.11641,79.1082,12,Rain,City Road,High,5,Medium
305,Ravi Nagar,21.14912,79.07214,12,Fog,Urban,Low,5,Low
306,Dharampeth,21.13898,79.05446,14,Clear,Junction,Medium,1,Medium
307,Civil Lines,21.16917,79.08049,7,Clear,Junction,Medium,5,Medium
308,Trimurti Nagar,21.1367,79.04129,17,Clear,Urban,Medium,2,Medium
309,Pratap Nagar,21.11991,79.0716,1,Fog,Ring Road,Low,8,High
310,Zero Mile,21.1328,79.0772,2,Clear,Highway,High,6,High
311,Itwari,21.16092,79.11737,23,Rain,Junction,High,4,High
312,Sadar,21.1421,79.07325,4,Clear,Ring Road,High,6,Medium
313,Nandanvan,21.12152,79.11971,15,Clear,Junction,Low,3,Low
314,Mankapur,21.12635,79.05726,13,Rain,Highway,Low,4,Medium
315,Nagpur Railway Stn,21.13008,79.08807,2,Rain,Urban,High,2,High
316,Ambazari,21.14132,79.00088,22,Rain,Junction,Medium,6,High
317,Beltarodi,21.06832,79.01906,7,Clear,Ring Road,High,5,Low
318,Koradi,21.23207,79.00229,14,Rain,Junction,Medium,5,Medium
319,Butibori,20.9873,79.03475,12,Clear,City Road,Medium,5,Low
320,MIDC Hingna,21.10712,79.01379,21,Clear,Highway,Medium,5,Medium
321,Sitabuldi Junction,21.15915,79.10079,6,Rain,Junction,Medium,3,Medium
322,Wardha Road,21.08152,79.06225,16,Cloudy,Ring Road,Medium,4,Low
323,Hingna T Point,21.11737,78.99666,15,Cloudy,Junction,Medium,4,Medium
324,Chatrapati Square,21.13174,79.09103,9,Clear,Highway,Low,1,Low
325,Ravi Nagar,21.13556,79.04734,1,Cloudy,Junction,High,5,High
326,Dharampeth,21.14429,79.08282,19,Clear,Flyover,Medium,5,Medium
327,Civil Lines,21.15952,79.06982,2,Haze,Highway,High,2,High
328,Trimurti Nagar,21.14269,79.05989,8,Clear,Junction,High,5,Medium
329,Pratap Nagar,21.10152,79.04135,9,Clear,Highway,Low,0,Low
330,Zero Mile,21.16328,79.07615,10,Cloudy,Ring Road,Medium,3,Low
331,Itwari,21.13941,79.10473,15,Rain,Highway,Low,1,Medium
332,Sadar,21.13808,79.06503,12,Rain,Junction,Low,4,Medium
333,Nandanvan,21.14483,79.10334,12,Cloudy,Flyover,Low,3,Low
334,Mankapur,21.11186,79.05643,15,Clear,Urban,High,6,Low
335,Nagpur Railway Stn,21.15801,79.07486,19,Fog,Highway,Medium,2,Medium
336,Ambazari,21.1333,79.00234,21,Clear,Flyover,High,3,High
337,Beltarodi,21.05469,79.01676,8,Rain,Junction,Low,3,Medium
338,Koradi,21.25257,79.01402,2,Rain,Flyover,Low,4,High
339,Butibori,20.96014,79.04884,13,Clear,Highway,Low,1,Low
340,MIDC Hingna,21.07504,79.01917,10,Haze,Highway,Low,3,Medium
341,Sitabuldi Junction,21.13875,79.09465,10,Haze,Junction,Low,3,Medium
342,Wardha Road,21.08365,79.05914,21,Clear,Junction,Low,3,Medium
343,Hingna T Point,21.08664,78.96099,1,Rain,Junction,Low,10,High
344,Chatrapati Square,21.12909,79.08683,20,Clear,Junction,Medium,3,High
345,Ravi Nagar,21.13269,79.0367,13,Cloudy,Ring Road,Medium,5,Low
346,Dharampeth,21.14326,79.08674,11,Clear,Urban,Medium,2,Low
347,Civil Lines,21.13793,79.06868,1,Clear,Flyover,Medium,3,High
348,Trimurti Nagar,21.1442,79.03352,7,Cloudy,Flyover,High,6,Medium
349,Pratap Nagar,21.1078,79.05106,10,Cloudy,Ring Road,Medium,1,Low
350,Zero Mile,21.14934,79.09534,0,Rain,Urban,Medium,3,High
351,Itwari,21.1471,79.09024,12,Clear,Flyover,Medium,5,Medium
352,Sadar,21.13452,79.08472,7,Haze,Junction,Medium,3,Medium
353,Nandanvan,21.13455,79.13592,22,Clear,City Road,High,2,Medium
354,Mankapur,21.13766,79.04119,7,Rain,Junction,High,5,Medium
355,Nagpur Railway Stn,21.16467,79.08011,20,Clear,Junction,High,6,High
356,Ambazari,21.11097,79.00694,21,Rain,Junction,Low,2,High
357,Beltarodi,21.05606,79.0291,12,Clear,Flyover,Medium,4,Medium
358,Koradi,21.2548,79.00793,6,Rain,Junction,High,3,High
359,Butibori,20.96585,79.04185,3,Rain,City Road,High,4,High
360,MIDC Hingna,21.0826,79.01166,15,Rain,Flyover,Medium,5,Medium
361,Sitabuldi Junction,21.14903,79.10564,11,Cloudy,Urban,Low,4,Low
362,Wardha Road,21.10258,79.05121,9,Rain,Flyover,High,2,Medium
363,Hingna T Point,21.08193,78.99282,20,Rain,City Road,Medium,3,Medium
364,Chatrapati Square,21.13792,79.09374,3,Clear,Highway,Medium,1,Medium
365,Ravi Nagar,21.14555,79.05594,22,Rain,Highway,High,5,High
366,Dharampeth,21.11572,79.07969,9,Rain,Highway,Medium,0,Medium
367,Civil Lines,21.15282,79.10478,14,Rain,Highway,High,5,Medium
368,Trimurti Nagar,21.13241,79.04965,8,Rain,Ring Road,Low,1,Low
369,Pratap Nagar,21.12415,79.03388,4,Rain,Highway,Medium,7,High
370,Zero Mile,21.13945,79.09824,12,Clear,Highway,Medium,1,Low
371,Itwari,21.16695,79.09381,8,Rain,Junction,Medium,1,Medium
372,Sadar,21.14152,79.0753,12,Clear,Junction,Low,5,Medium
373,Nandanvan,21.12091,79.12926,10,Cloudy,Highway,Medium,6,Medium
374,Mankapur,21.11663,79.04194,0,Cloudy,Flyover,High,2,High
375,Nagpur Railway Stn,21.14326,79.0701,12,Fog,City Road,Low,3,Medium
376,Ambazari,21.12527,78.99144,8,Clear,Highway,Medium,5,Medium
377,Beltarodi,21.07979,79.0265,12,Clear,Junction,High,2,Medium
378,Koradi,21.25397,79.00055,20,Fog,City Road,Medium,2,High
379,Butibori,20.95244,79.03124,17,Rain,Ring Road,Low,2,Medium
380,MIDC Hingna,21.09352,78.99264,16,Rain,Junction,Low,3,Medium
381,Sitabuldi Junction,21.14119,79.08564,18,Cloudy,City Road,Low,2,Low
382,Wardha Road,21.07687,79.06072,12,Rain,Highway,Medium,1,Medium
383,Hingna T Point,21.10828,78.9865,19,Rain,Junction,Medium,5,High
384,Chatrapati Square,21.10974,79.111,14,Fog,Urban,High,4,Medium
385,Ravi Nagar,21.15227,79.05981,20,Clear,Ring Road,Low,4,Medium
386,Dharampeth,21.11218,79.0573,6,Clear,Highway,Medium,3,Medium
387,Civil Lines,21.14793,79.06527,12,Rain,City Road,High,2,Medium
388,Trimurti Nagar,21.12602,79.05952,14,Haze,Flyover,High,5,Medium
389,Pratap Nagar,21.1223,79.04526,15,Rain,Junction,Low,7,Medium
390,Zero Mile,21.12641,79.08542,16,Fog,Junction,Low,2,Medium
391,Itwari,21.17272,79.08795,15,Clear,Urban,High,6,Low
392,Sadar,21.16312,79.08837,7,Cloudy,Ring Road,Low,1,Low
393,Nandanvan,21.13788,79.11452,0,Clear,Urban,Medium,5,Medium
394,Mankapur,21.11399,79.0545,16,Clear,Junction,Medium,2,Medium
395,Nagpur Railway Stn,21.16493,79.07977,22,Clear,Junction,High,3,High
396,Ambazari,21.11128,78.98593,11,Rain,Junction,Low,1,Medium
397,Beltarodi,21.06676,79.02832,13,Haze,Junction,Low,5,Medium
398,Koradi,21.23817,78.99675,22,Cloudy,City Road,Medium,5,Medium
399,Butibori,20.98715,79.04722,1,Clear,Ring Road,High,2,Medium
400,MIDC Hingna,21.07931,79.01001,23,Clear,Junction,Low,5,Medium
401,Sitabuldi Junction,21.16535,79.08753,23,Clear,Highway,High,6,High
402,Wardha Road,21.10816,79.04488,9,Rain,Highway,High,6,High
403,Hingna T Point,21.0967,78.97507,5,Clear,Flyover,Low,2,Medium
404,Chatrapati Square,21.12922,79.08644,21,Haze,Flyover,High,8,High
405,Ravi Nagar,21.12056,79.0526,11,Clear,Urban,Low,2,Low
406,Dharampeth,21.12508,79.06573,21,Clear,City Road,High,6,Medium
407,Civil Lines,21.16373,79.07382,13,Rain,City Road,High,5,Medium
408,Trimurti Nagar,21.13216,79.04369,0,Clear,Highway,High,2,Medium
409,Pratap Nagar,21.09776,79.04539,4,Clear,Urban,Low,5,Medium
410,Zero Mile,21.16352,79.09106,13,Fog,Ring Road,Medium,7,Medium
411,Itwari,21.14069,79.10423,14,Cloudy,Urban,Low,4,Low
412,Sadar,21.14222,79.06489,10,Clear,City Road,Low,2,Low
413,Nandanvan,21.11961,79.11775,4,Cloudy,Highway,Low,3,Medium
414,Mankapur,21.10015,79.04008,23,Clear,Flyover,High,4,High
415,Nagpur Railway Stn,21.14369,79.08456,23,Rain,Flyover,Low,5,High
416,Ambazari,21.12818,78.97094,1,Haze,City Road,Low,8,Medium
417,Beltarodi,21.05816,79.02168,21,Rain,Junction,Medium,5,High
418,Koradi,21.25667,79.00044,12,Rain,Junction,Medium,7,High
419,Butibori,20.97925,79.06079,15,Clear,Junction,High,4,Medium
420,MIDC Hingna,21.10368,79.00457,3,Rain,Highway,High,3,High
421,Sitabuldi Junction,21.13242,79.09646,20,Rain,City Road,High,4,High
422,Wardha Road,21.09785,79.04771,4,Clear,Junction,Low,7,Medium
423,Hingna T Point,21.09519,78.98469,22,Clear,Junction,High,3,High
424,Chatrapati Square,21.11045,79.09142,3,Rain,Junction,Low,4,High
425,Ravi Nagar,21.14399,79.06846,10,Clear,Urban,High,7,Low
426,Dharampeth,21.12298,79.07691,11,Clear,Flyover,Low,2,Low
427,Civil Lines,21.1522,79.09575,20,Rain,City Road,Low,2,Medium
428,Trimurti Nagar,21.12681,79.04552,9,Rain,Junction,Low,2,Medium
429,Pratap Nagar,21.11567,79.04338,20,Clear,Junction,Medium,7,High
430,Zero Mile,21.13003,79.08437,3,Cloudy,Urban,Low,2,Medium
431,Itwari,21.16787,79.11745,7,Clear,City Road,Low,2,Low
432,Sadar,21.15357,79.09195,11,Haze,Highway,Medium,4,Medium
433,Nandanvan,21.13706,79.11204,14,Cloudy,City Road,High,3,Low
434,Mankapur,21.13808,79.03367,15,Clear,Highway,Low,7,Low
435,Nagpur Railway Stn,21.1274,79.08521,3,Cloudy,Flyover,Medium,0,Medium
436,Ambazari,21.11969,78.99733,4,Haze,Highway,High,7,High
437,Beltarodi,21.05956,79.03515,7,Haze,Ring Road,Low,3,Low
438,Koradi,21.24778,79.00969,8,Cloudy,Junction,High,4,Medium
439,Butibori,20.9531,79.04129,9,Haze,Junction,Low,5,Medium
440,MIDC Hingna,21.10916,78.99683,3,Rain,Junction,Medium,2,High
441,Sitabuldi Junction,21.16567,79.08527,1,Cloudy,City Road,Medium,6,Medium
442,Wardha Road,21.10887,79.0605,11,Rain,Highway,High,3,Medium
443,Hingna T Point,21.08029,78.97827,14,Rain,Flyover,Medium,5,High
444,Chatrapati Square,21.12932,79.08637,8,Clear,Flyover,Medium,3,Medium
445,Ravi Nagar,21.13328,79.04661,20,Cloudy,Junction,Low,1,Medium
446,Dharampeth,21.1346,79.08708,17,Clear,Urban,High,6,Medium
447,Civil Lines,21.1499,79.0942,23,Haze,Junction,Medium,7,High
448,Trimurti Nagar,21.14783,79.06438,12,Rain,Highway,Medium,4,Medium
449,Pratap Nagar,21.12495,79.04053,16,Fog,Ring Road,Medium,4,Medium
450,Zero Mile,21.13529,79.08935,17,Clear,City Road,Medium,5,Medium
451,Itwari,21.16967,79.09472,13,Clear,Junction,Medium,3,Medium
452,Sadar,21.15623,79.08174,19,Clear,Junction,Medium,1,Medium
453,Nandanvan,21.13325,79.12873,17,Cloudy,Junction,High,6,Medium
454,Mankapur,21.11094,79.04946,7,Haze,Ring Road,Low,6,Low
455,Nagpur Railway Stn,21.15707,79.0859,5,Clear,Flyover,Low,4,Medium
456,Ambazari,21.13025,78.99888,11,Haze,Junction,Medium,4,Medium
457,Beltarodi,21.07481,79.03179,1,Cloudy,Junction,High,2,High
458,Koradi,21.25037,78.98557,3,Clear,Urban,Low,2,Low
459,Butibori,20.97024,79.06111,5,Haze,Ring Road,High,1,Medium
460,MIDC Hingna,21.07704,79.01465,3,Fog,Junction,Medium,5,High
461,Sitabuldi Junction,21.13679,79.08718,21,Clear,Flyover,Low,8,High
462,Wardha Road,21.08797,79.05186,4,Rain,Urban,Low,3,Medium
463,Hingna T Point,21.11104,78.99232,5,Clear,City Road,Medium,2,Medium
464,Chatrapati Square,21.10391,79.10975,21,Fog,Highway,Low,5,High
465,Ravi Nagar,21.11927,79.06098,18,Clear,City Road,Low,3,Low
466,Dharampeth,21.11534,79.06547,20,Clear,Urban,Medium,4,Medium
467,Civil Lines,21.15817,79.10493,1,Haze,City Road,Medium,5,Medium
468,Trimurti Nagar,21.15101,79.0673,10,Fog,Flyover,High,5,High
469,Pratap Nagar,21.13214,79.05764,10,Rain,Junction,Medium,3,Medium
470,Zero Mile,21.13992,79.09428,11,Rain,Ring Road,Medium,7,Low
471,Itwari,21.14759,79.09805,15,Clear,City Road,High,3,Low
472,Sadar,21.15913,79.08186,13,Haze,Highway,Medium,4,Medium
473,Nandanvan,21.11228,79.12351,13,Rain,Highway,Medium,3,Medium
474,Mankapur,21.11042,79.05354,7,Clear,City Road,Low,6,Low
475,Nagpur Railway Stn,21.16441,79.09013,7,Fog,Urban,Low,2,Medium
476,Ambazari,21.13282,79.00167,19,Clear,Highway,Medium,2,Medium
477,Beltarodi,21.07849,79.01704,21,Fog,Flyover,Low,3,High
478,Koradi,21.26685,79.01904,21,Fog,Junction,Medium,0,High
479,Butibori,20.96792,79.04622,3,Haze,Junction,Medium,3,High
480,MIDC Hingna,21.10515,78.98787,9,Clear,Ring Road,High,3,Low
481,Sitabuldi Junction,21.13155,79.07239,15,Fog,Ring Road,Low,5,Low
482,Wardha Road,21.07667,79.07695,18,Cloudy,Junction,Low,2,Medium
483,Hingna T Point,21.10042,78.96562,20,Clear,Junction,Medium,2,Medium
484,Chatrapati Square,21.13598,79.0861,13,Clear,Junction,Low,3,Low
485,Ravi Nagar,21.12511,79.03769,8,Cloudy,Ring Road,Medium,7,Low
486,Dharampeth,21.12831,79.05382,8,Clear,Junction,Low,4,Medium
487,Civil Lines,21.16479,79.10497,6,Clear,Urban,Medium,2,Low
488,Trimurti Nagar,21.15021,79.06754,5,Clear,Highway,Medium,2,Medium
489,Pratap Nagar,21.13426,79.05719,12,Haze,Junction,Low,3,Medium
490,Zero Mile,21.13102,79.09083,18,Clear,Ring Road,High,2,Medium
491,Itwari,21.14291,79.10449,1,Clear,Highway,Medium,3,Medium
492,Sadar,21.13607,79.06504,2,Haze,City Road,High,7,High
493,Nandanvan,21.12374,79.10076,13,Fog,Highway,Medium,5,Medium
494,Mankapur,21.11691,79.04872,18,Clear,Junction,Medium,2,Medium
495,Nagpur Railway Stn,21.14981,79.09456,18,Cloudy,Highway,High,3,Medium
496,Ambazari,21.12406,78.97453,0,Rain,Junction,High,3,High
497,Beltarodi,21.08809,79.03132,1,Haze,Flyover,Medium,5,High
498,Koradi,21.2421,78.98203,2,Fog,Flyover,Medium,3,High
499,Butibori,20.95438,79.06863,19,Rain,Ring Road,High,2,Medium
500,MIDC Hingna,21.08651,78.98402,19,Haze,Ring Road,Low,2,Low
501,Sitabuldi Junction,21.13517,79.06899,8,Clear,Junction,High,4,Medium
502,Wardha Road,21.07486,79.06532,9,Clear,Urban,Low,7,Low
503,Hingna T Point,21.1122,78.99401,17,Rain,Urban,High,7,Medium
504,Chatrapati Square,21.11081,79.10315,8,Haze,Junction,Medium,6,Medium
505,Ravi Nagar,21.13646,79.0694,2,Clear,City Road,Medium,7,Medium
506,Dharampeth,21.14215,79.08271,18,Fog,Junction,High,3,High
507,Civil Lines,21.1499,79.06908,20,Haze,Junction,High,6,High
508,Trimurti Nagar,21.13007,79.06266,22,Clear,City Road,Medium,5,Medium
509,Pratap Nagar,21.11077,79.06593,4,Clear,Highway,Low,6,Medium
510,Zero Mile,21.16358,79.09664,6,Clear,Flyover,Medium,2,Medium
511,Itwari,21.14455,79.09963,18,Clear,Urban,Medium,2,Low
512,Sadar,21.14004,79.07961,16,Clear,Highway,Medium,5,Medium
513,Nandanvan,21.13733,79.10734,19,Fog,Junction,Medium,6,High
514,Mankapur,21.10495,79.04333,23,Clear,Highway,Low,2,Medium
515,Nagpur Railway Stn,21.1379,79.07105,19,Rain,Highway,High,4,High
516,Ambazari,21.11049,78.98572,10,Rain,Urban,Medium,1,Medium
517,Beltarodi,21.08974,79.017,17,Clear,Flyover,Medium,5,Medium
518,Koradi,21.25973,79.00893,11,Rain,Junction,Low,1,Medium
519,Butibori,20.95247,79.048,18,Fog,City Road,High,0,Medium
520,MIDC Hingna,21.10542,78.9804,18,Rain,City Road,Medium,3,Medium
521,Sitabuldi Junction,21.13769,79.07363,11,Clear,Junction,Medium,2,Medium
522,Wardha Road,21.09555,79.04565,17,Clear,Junction,Low,1,Medium
523,Hingna T Point,21.08205,78.97986,17,Cloudy,Junction,Low,4,Medium
524,Chatrapati Square,21.12313,79.07571,12,Fog,Junction,High,2,Medium
525,Ravi Nagar,21.15145,79.05716,4,Cloudy,Urban,Low,3,Medium
526,Dharampeth,21.14028,79.07427,14,Rain,Flyover,Medium,6,Medium
527,Civil Lines,21.1687,79.09192,15,Clear,Junction,Low,4,Low
528,Trimurti Nagar,21.13712,79.05353,13,Clear,Junction,High,5,Medium
529,Pratap Nagar,21.12549,79.06054,1,Haze,Junction,Medium,5,High
530,Zero Mile,21.15598,79.10618,0,Rain,Junction,Low,2,High
531,Itwari,21.15721,79.11232,14,Clear,Flyover,High,3,Medium
532,Sadar,21.13808,79.08378,5,Rain,City Road,Low,7,High
533,Nandanvan,21.12262,79.1273,20,Clear,Urban,High,2,Medium
534,Mankapur,21.1076,79.03843,9,Clear,Junction,High,4,Medium
535,Nagpur Railway Stn,21.15429,79.06529,11,Clear,City Road,Medium,3,Low
536,Ambazari,21.14034,79.00554,11,Clear,Junction,High,5,Medium
537,Beltarodi,21.08649,79.01837,1,Rain,City Road,Medium,4,High
538,Koradi,21.23695,79.00761,12,Fog,City Road,High,1,Medium
539,Butibori,20.97774,79.06963,18,Clear,City Road,Medium,4,Medium
540,MIDC Hingna,21.08655,78.99197,15,Rain,Flyover,Medium,8,Medium
541,Sitabuldi Junction,21.146,79.10773,3,Clear,Highway,High,3,High
542,Wardha Road,21.07723,79.06939,10,Clear,Highway,Medium,4,Medium
543,Hingna T Point,21.08084,78.98891,9,Cloudy,City Road,High,3,Low
544,Chatrapati Square,21.10429,79.07641,18,Clear,Junction,High,4,Medium
545,Ravi Nagar,21.14244,79.07295,22,Haze,Junction,Medium,1,High
546,Dharampeth,21.12796,79.08186,9,Rain,Urban,High,4,Medium
547,Civil Lines,21.1569,79.0654,8,Fog,Ring Road,Medium,2,Medium
548,Trimurti Nagar,21.15324,79.03753,5,Clear,Highway,Medium,3,High
549,Pratap Nagar,21.0982,79.05098,16,Haze,Junction,Medium,1,Medium
550,Zero Mile,21.16116,79.06882,10,Clear,Urban,Low,4,Low
551,Itwari,21.14047,79.12114,10,Rain,Junction,High,4,High
552,Sadar,21.13912,79.09831,11,Fog,Junction,Medium,3,Medium
553,Nandanvan,21.13011,79.10578,18,Fog,Flyover,Medium,5,High
554,Mankapur,21.13044,79.04852,10,Clear,City Road,Medium,0,Low
555,Nagpur Railway Stn,21.14015,79.09288,16,Clear,Urban,High,2,Low
556,Ambazari,21.12145,79.00632,12,Fog,Highway,High,6,High
557,Beltarodi,21.06207,79.02536,2,Cloudy,Ring Road,High,3,Medium
558,Koradi,21.26228,79.00093,16,Fog,Highway,Low,5,Medium
559,Butibori,20.97691,79.05122,9,Clear,Flyover,High,2,Medium
560,MIDC Hingna,21.09163,79.01273,8,Clear,Highway,Medium,3,Medium
561,Sitabuldi Junction,21.13603,79.08448,3,Clear,Junction,Medium,6,High
562,Wardha Road,21.1046,79.05282,1,Cloudy,Urban,Medium,7,Medium
563,Hingna T Point,21.09436,78.99233,23,Rain,City Road,Medium,1,Medium
564,Chatrapati Square,21.11433,79.10741,20,Fog,Flyover,High,3,High
565,Ravi Nagar,21.14509,79.03571,4,Clear,Flyover,Medium,3,High
566,Dharampeth,21.12136,79.06929,4,Rain,Highway,Low,5,High
567,Civil Lines,21.16394,79.07569,18,Rain,City Road,Medium,1,Medium
568,Trimurti Nagar,21.14251,79.03723,18,Fog,Ring Road,Low,5,Medium
569,Pratap Nagar,21.11396,79.03216,4,Rain,Flyover,High,2,High
570,Zero Mile,21.13572,79.10514,10,Haze,Highway,Low,2,Medium
571,Itwari,21.14477,79.11972,0,Cloudy,Urban,Medium,7,Medium
572,Sadar,21.1692,79.08306,8,Clear,Ring Road,Medium,3,Low
573,Nandanvan,21.11628,79.1006,13,Rain,City Road,Low,3,Medium
574,Mankapur,21.11641,79.03332,17,Rain,Junction,Medium,7,High
575,Nagpur Railway Stn,21.13032,79.07378,19,Rain,Highway,Medium,3,Medium
576,Ambazari,21.10858,78.99596,2,Rain,Urban,High,4,High
577,Beltarodi,21.0662,79.04726,15,Rain,Junction,Low,9,Medium
578,Koradi,21.25682,78.99155,12,Rain,Highway,High,2,Medium
579,Butibori,20.97396,79.03287,19,Haze,Junction,Low,2,Medium
580,MIDC Hingna,21.09512,78.99101,14,Haze,Ring Road,High,1,Low
581,Sitabuldi Junction,21.13636,79.0853,7,Fog,Highway,Low,5,Medium
582,Wardha Road,21.07039,79.043,20,Clear,Highway,Low,4,Medium
583,Hingna T Point,21.11603,78.9972,3,Rain,Ring Road,High,2,Medium
584,Chatrapati Square,21.13485,79.10025,14,Cloudy,City Road,Low,4,Low
585,Ravi Nagar,21.13017,79.07143,2,Clear,Junction,Low,6,Medium
586,Dharampeth,21.12127,79.07888,7,Clear,Flyover,High,5,Medium
587,Civil Lines,21.16229,79.07723,5,Fog,City Road,Low,2,Medium
588,Trimurti Nagar,21.1603,79.0288,8,Cloudy,Urban,Low,3,Low
589,Pratap Nagar,21.13376,79.06932,1,Clear,Ring Road,Low,5,Low
590,Zero Mile,21.12863,79.08413,17,Clear,Junction,High,4,Medium
591,Itwari,21.15083,79.1001,21,Clear,Junction,Medium,3,Medium
592,Sadar,21.1399,79.06464,4,Rain,City Road,Low,2,Medium
593,Nandanvan,21.12384,79.13344,13,Cloudy,Highway,Medium,5,Low
594,Mankapur,21.10314,79.03426,22,Clear,Junction,Low,5,High
595,Nagpur Railway Stn,21.14407,79.09954,19,Clear,Urban,Medium,4,Medium
596,Ambazari,21.14371,78.97243,17,Haze,Junction,High,3,High
597,Beltarodi,21.08598,79.04643,2,Fog,Junction,Low,6,High
598,Koradi,21.26698,79.00087,15,Clear,Highway,Medium,4,Medium
599,Butibori,20.96731,79.04937,7,Rain,City Road,Low,5,Medium
600,MIDC Hingna,21.10693,79.00757,18,Clear,Urban,Medium,2,Low
601,Sitabuldi Junction,21.15236,79.08932,16,Clear,Highway,Medium,7,Medium
602,Wardha Road,21.07043,79.06804,6,Fog,Junction,Low,4,Medium
603,Hingna T Point,21.1178,78.97131,22,Haze,Junction,Medium,3,High
604,Chatrapati Square,21.13149,79.08569,7,Fog,Junction,Medium,6,Medium
605,Ravi Nagar,21.14782,79.05837,2,Fog,Flyover,Medium,2,High
606,Dharampeth,21.14439,79.06833,18,Rain,City Road,Medium,6,Medium
607,Civil Lines,21.14499,79.10426,23,Haze,Flyover,Medium,4,High
608,Trimurti Nagar,21.1452,79.03506,12,Cloudy,Urban,Low,6,Low
609,Pratap Nagar,21.11463,79.04954,6,Cloudy,Highway,Low,5,Low
610,Zero Mile,21.15067,79.09023,18,Rain,Urban,Medium,3,Medium
611,Itwari,21.13817,79.0989,16,Haze,Ring Road,High,2,Medium
612,Sadar,21.15158,79.07268,9,Rain,Highway,Medium,6,Medium
613,Nandanvan,21.14929,79.13932,5,Clear,City Road,Medium,5,Medium
614,Mankapur,21.13224,79.02317,20,Rain,Highway,Low,1,High
615,Nagpur Railway Stn,21.14316,79.09554,14,Clear,Highway,Medium,2,Medium
616,Ambazari,21.12656,78.9911,0,Fog,City Road,Low,2,Medium
617,Beltarodi,21.06396,79.04865,7,Haze,City Road,Medium,4,Low
618,Koradi,21.26157,78.98125,8,Clear,Highway,Low,4,Low
619,Butibori,20.96283,79.06471,13,Rain,Urban,Low,0,Low
620,MIDC Hingna,21.07858,79.00953,11,Rain,City Road,High,1,Medium
621,Sitabuldi Junction,21.14714,79.10596,11,Rain,Junction,High,4,High
622,Wardha Road,21.09478,79.06702,3,Cloudy,Highway,Medium,1,Medium
623,Hingna T Point,21.09815,78.98162,15,Haze,Highway,Low,6,Medium
624,Chatrapati Square,21.11242,79.092,4,Clear,Urban,Low,4,Medium
625,Ravi Nagar,21.12802,79.03879,12,Clear,Junction,Medium,3,Medium
626,Dharampeth,21.13357,79.0724,15,Clear,Highway,High,1,Medium
627,Civil Lines,21.14818,79.07954,20,Clear,Junction,High,2,High
628,Trimurti Nagar,21.14235,79.04223,3,Rain,City Road,Medium,1,High
629,Pratap Nagar,21.1226,79.04762,0,Cloudy,City Road,Medium,2,Medium
630,Zero Mile,21.13354,79.08487,20,Clear,City Road,Medium,4,Medium
631,Itwari,21.16794,79.11943,11,Cloudy,City Road,High,0,Low
632,Sadar,21.14101,79.08546,15,Fog,City Road,Low,3,Medium
633,Nandanvan,21.14474,79.13338,8,Clear,Highway,High,5,Medium
634,Mankapur,21.11593,79.03989,18,Fog,Highway,High,2,High
635,Nagpur Railway Stn,21.15456,79.07498,9,Clear,City Road,Low,1,Low
636,Ambazari,21.12918,79.00374,1,Rain,Ring Road,Medium,3,Medium
637,Beltarodi,21.08535,79.03246,23,Fog,City Road,High,6,High
638,Koradi,21.23957,79.01148,7,Cloudy,Ring Road,Low,3,Low
639,Butibori,20.95595,79.04825,2,Clear,Urban,Medium,7,Medium
640,MIDC Hingna,21.09364,79.01957,20,Cloudy,Highway,Medium,2,Medium
641,Sitabuldi Junction,21.13601,79.09523,9,Haze,City Road,Low,4,Low
642,Wardha Road,21.08398,79.05171,12,Clear,City Road,High,1,Low
643,Hingna T Point,21.1173,78.97952,11,Clear,Flyover,Low,5,Low
644,Chatrapati Square,21.12483,79.09287,19,Fog,Highway,High,5,High
645,Ravi Nagar,21.13821,79.07116,8,Cloudy,Urban,High,3,Low
646,Dharampeth,21.13554,79.05202,17,Cloudy,Flyover,High,7,High
647,Civil Lines,21.16203,79.08454,4,Haze,Highway,High,5,High
648,Trimurti Nagar,21.14728,79.06376,16,Rain,Flyover,High,3,High
649,Pratap Nagar,21.09789,79.0379,12,Clear,Highway,Low,3,Low
650,Zero Mile,21.13246,79.1016,21,Rain,Flyover,High,2,High
651,Itwari,21.17311,79.10231,22,Fog,Urban,Medium,5,High
652,Sadar,21.15349,79.08352,23,Rain,Ring Road,Medium,3,High
653,Nandanvan,21.13372,79.13744,2,Clear,Urban,High,3,Medium
654,Mankapur,21.12242,79.04779,8,Rain,Flyover,High,3,High
655,Nagpur Railway Stn,21.14379,79.0679,6,Clear,City Road,High,2,Low
656,Ambazari,21.1135,78.97369,4,Clear,Urban,Low,2,Low
657,Beltarodi,21.08658,79.01835,15,Haze,Junction,Low,4,Medium
658,Koradi,21.25967,78.99211,7,Clear,City Road,Low,4,Low
659,Butibori,20.98745,79.06467,0,Clear,Highway,High,7,High
660,MIDC Hingna,21.08298,78.99337,6,Fog,Highway,Medium,4,Medium
661,Sitabuldi Junction,21.1599,79.08821,22,Fog,City Road,High,5,High
662,Wardha Road,21.10747,79.04658,20,Rain,City Road,Low,3,Medium
663,Hingna T Point,21.08957,78.97661,11,Clear,Highway,High,5,Medium
664,Chatrapati Square,21.11697,79.1042,18,Clear,Highway,Low,6,Medium
665,Ravi Nagar,21.1233,79.07123,20,Cloudy,Ring Road,Low,3,Medium
666,Dharampeth,21.14466,79.05133,16,Rain,Highway,Low,4,Medium
667,Civil Lines,21.13421,79.07293,12,Clear,Highway,Medium,5,Medium
668,Trimurti Nagar,21.15857,79.02928,23,Fog,Highway,High,3,High
669,Pratap Nagar,21.11055,79.04864,8,Clear,City Road,High,0,Low
670,Zero Mile,21.12921,79.09591,10,Clear,City Road,Medium,7,Low
671,Itwari,21.15749,79.11643,2,Cloudy,Urban,Medium,4,Medium
672,Sadar,21.14775,79.10018,5,Fog,Highway,Medium,5,High
673,Nandanvan,21.13039,79.12341,21,Clear,Ring Road,Low,7,Medium
674,Mankapur,21.13875,79.05968,5,Cloudy,Junction,Medium,3,Medium
675,Nagpur Railway Stn,21.15267,79.09826,9,Haze,Highway,High,2,Medium
676,Ambazari,21.1174,78.97061,10,Clear,Flyover,Medium,3,Medium
677,Beltarodi,21.07927,79.03837,18,Cloudy,Ring Road,Medium,3,Low
678,Koradi,21.24096,78.99259,4,Clear,Urban,Low,7,Medium
679,Butibori,20.98284,79.03369,8,Haze,City Road,Low,4,Low
680,MIDC Hingna,21.10576,78.99991,1,Cloudy,Highway,Medium,5,Medium
681,Sitabuldi Junction,21.12818,79.09264,2,Clear,City Road,Medium,2,Medium
682,Wardha Road,21.10892,79.07919,18,Clear,Junction,High,3,Medium
683,Hingna T Point,21.1061,78.99095,17,Cloudy,Junction,High,5,High
684,Chatrapati Square,21.13913,79.07569,18,Clear,Junction,Medium,4,Medium
685,Ravi Nagar,21.13444,79.04755,6,Clear,Highway,Medium,6,Low
686,Dharampeth,21.1249,79.05921,16,Cloudy,Urban,High,5,Medium
687,Civil Lines,21.14745,79.10318,5,Clear,Highway,High,3,High
688,Trimurti Nagar,21.14431,79.04124,6,Haze,Highway,Low,4,Medium
689,Pratap Nagar,21.09501,79.03708,1,Fog,Junction,Low,3,High
690,Zero Mile,21.14205,79.10615,3,Clear,Urban,Medium,3,Medium
691,Itwari,21.14238,79.09342,21,Rain,Flyover,Medium,1,High
692,Sadar,21.15878,79.0767,14,Clear,City Road,High,3,Low
693,Nandanvan,21.14947,79.12477,10,Fog,City Road,Medium,4,Medium
694,Mankapur,21.13473,79.03179,17,Clear,Junction,Medium,4,Medium
695,Nagpur Railway Stn,21.1417,79.0784,10,Clear,Ring Road,Low,3,Low
696,Ambazari,21.14364,78.97374,16,Rain,Urban,Medium,3,Medium
697,Beltarodi,21.08043,79.01063,9,Fog,Highway,Low,1,Medium
698,Koradi,21.2339,79.01591,11,Rain,City Road,Medium,4,Medium
699,Butibori,20.96297,79.03444,0,Clear,City Road,High,2,Medium
700,MIDC Hingna,21.08647,78.99332,20,Fog,Urban,Medium,3,Medium
701,Sitabuldi Junction,21.13891,79.07661,4,Rain,Urban,Low,5,Medium
702,Wardha Road,21.07279,79.06356,11,Clear,Flyover,Low,5,Medium
703,Hingna T Point,21.11187,78.9651,8,Fog,Junction,Low,2,Medium
704,Chatrapati Square,21.13135,79.10876,9,Clear,City Road,High,2,Low
705,Ravi Nagar,21.11999,79.05845,2,Haze,Urban,Low,1,Medium
706,Dharampeth,21.1342,79.06583,21,Clear,Highway,Medium,3,Medium
707,Civil Lines,21.15374,79.09347,22,Rain,Junction,Low,1,High
708,Trimurti Nagar,21.1435,79.0594,20,Cloudy,Junction,High,9,High
709,Pratap Nagar,21.09892,79.04945,10,Clear,Junction,Low,0,Low
710,Zero Mile,21.14743,79.06967,15,Clear,Flyover,Medium,2,Medium
711,Itwari,21.15368,79.11094,23,Clear,Junction,Medium,5,High
712,Sadar,21.15379,79.06397,2,Rain,Highway,Low,3,High
713,Nandanvan,21.14837,79.12863,16,Clear,City Road,High,2,Low
714,Mankapur,21.1333,79.05403,8,Clear,City Road,Medium,6,Low
715,Nagpur Railway Stn,21.13189,79.08787,4,Clear,City Road,Medium,4,Medium
716,Ambazari,21.14126,78.97052,13,Fog,Ring Road,Medium,3,Medium
717,Beltarodi,21.0608,79.01827,21,Rain,Junction,High,3,High
718,Koradi,21.26586,79.00545,8,Rain,Highway,Medium,4,Medium
719,Butibori,20.97081,79.0418,18,Rain,Ring Road,Low,6,Medium
720,MIDC Hingna,21.10128,78.98623,5,Clear,Junction,Low,4,Medium
721,Sitabuldi Junction,21.12652,79.10557,21,Rain,Junction,Medium,1,High
722,Wardha Road,21.08264,79.05698,3,Cloudy,Junction,Medium,5,High
723,Hingna T Point,21.08194,78.96594,14,Fog,Ring Road,Medium,6,Medium
724,Chatrapati Square,21.122,79.076,20,Haze,City Road,High,3,Medium
725,Ravi Nagar,21.12207,79.04641,8,Rain,Highway,Medium,3,Medium
726,Dharampeth,21.11383,79.08658,20,Rain,Flyover,Medium,7,High
727,Civil Lines,21.17062,79.09235,12,Rain,Junction,Low,4,Medium
728,Trimurti Nagar,21.13647,79.03874,19,Rain,City Road,High,4,High
729,Pratap Nagar,21.09575,79.06419,2,Haze,Highway,Medium,3,High
730,Zero Mile,21.14232,79.10389,22,Cloudy,Urban,Medium,2,Medium
731,Itwari,21.1653,79.09119,12,Rain,City Road,Medium,5,Low
732,Sadar,21.1309,79.06774,9,Cloudy,Highway,High,5,Medium
733,Nandanvan,21.14578,79.1217,0,Cloudy,City Road,High,5,Medium
734,Mankapur,21.1106,79.04145,12,Clear,Flyover,High,5,Medium
735,Nagpur Railway Stn,21.16178,79.08079,1,Clear,Ring Road,Medium,5,Medium
736,Ambazari,21.12857,78.99165,9,Cloudy,Highway,Medium,1,Low
737,Beltarodi,21.05137,79.01681,5,Clear,Urban,Low,1,Medium
738,Koradi,21.25425,79.00095,9,Rain,Junction,Medium,8,High
739,Butibori,20.97018,79.05976,9,Fog,Highway,Low,8,Medium
740,MIDC Hingna,21.07126,78.99034,14,Fog,Junction,Medium,5,Medium
741,Sitabuldi Junction,21.13284,79.09793,15,Rain,Highway,High,5,Medium
742,Wardha Road,21.09363,79.06397,7,Rain,Highway,High,2,Medium
743,Hingna T Point,21.10832,78.98992,22,Clear,Junction,High,2,High
744,Chatrapati Square,21.13274,79.08523,21,Cloudy,Flyover,Medium,5,High
745,Ravi Nagar,21.13725,79.05146,19,Clear,Flyover,High,2,Medium
746,Dharampeth,21.12743,79.06809,22,Fog,Highway,Low,5,High
747,Civil Lines,21.14814,79.07048,22,Rain,Urban,Low,3,Medium
748,Trimurti Nagar,21.15511,79.03928,14,Rain,Junction,High,3,High
749,Pratap Nagar,21.10929,79.05508,13,Cloudy,Junction,Low,4,Medium
750,Zero Mile,21.14757,79.10128,2,Clear,City Road,Medium,4,Medium
751,Itwari,21.13977,79.10414,20,Clear,Highway,High,3,High
752,Sadar,21.16999,79.0874,1,Rain,Junction,Low,2,High
753,Nandanvan,21.13488,79.12023,9,Haze,City Road,Low,3,Low
754,Mankapur,21.10394,79.05667,7,Cloudy,Flyover,High,6,Medium
755,Nagpur Railway Stn,21.15349,79.09399,10,Clear,Highway,Medium,3,Medium
756,Ambazari,21.13034,78.98941,11,Rain,Highway,Low,3,Medium
757,Beltarodi,21.05863,79.01335,7,Rain,Junction,High,8,High
758,Koradi,21.25461,79.01312,16,Rain,Flyover,Medium,2,Medium
759,Butibori,20.95824,79.0359,5,Fog,Junction,Medium,3,High
760,MIDC Hingna,21.10456,79.01126,19,Clear,Flyover,Medium,5,Medium
761,Sitabuldi Junction,21.13871,79.094,12,Clear,City Road,Low,1,Low
762,Wardha Road,21.08702,79.06198,4,Clear,Highway,High,7,High
763,Hingna T Point,21.1055,78.98214,3,Rain,Highway,Low,5,High
764,Chatrapati Square,21.11956,79.08694,11,Fog,Highway,High,4,High
765,Ravi Nagar,21.14909,79.05737,11,Haze,Urban,Medium,2,Low
766,Dharampeth,21.11209,79.06014,15,Clear,City Road,Medium,3,Low
767,Civil Lines,21.13658,79.10488,5,Clear,Flyover,Low,5,High
768,Trimurti Nagar,21.13347,79.03381,6,Clear,Urban,Medium,5,Low
769,Pratap Nagar,21.13267,79.06045,7,Rain,Highway,Medium,7,Medium
770,Zero Mile,21.1464,79.06882,13,Clear,Ring Road,High,4,Low
771,Itwari,21.16763,79.11299,8,Cloudy,Highway,Medium,5,Medium
772,Sadar,21.14982,79.08939,2,Cloudy,Highway,Low,5,Medium
773,Nandanvan,21.14722,79.13199,14,Clear,City Road,High,5,Low
774,Mankapur,21.13944,79.05751,5,Clear,Urban,High,5,Medium
775,Nagpur Railway Stn,21.15774,79.084,11,Clear,Highway,Medium,10,Medium
776,Ambazari,21.12269,78.98567,15,Rain,City Road,Medium,5,Low
777,Beltarodi,21.05433,79.04733,1,Cloudy,Junction,Medium,5,High
778,Koradi,21.24084,79.01422,13,Rain,Ring Road,High,3,Medium
779,Butibori,20.97688,79.04838,10,Fog,City Road,Medium,2,Medium
780,MIDC Hingna,21.10735,79.01239,23,Fog,Junction,High,2,High
781,Sitabuldi Junction,21.15748,79.09152,5,Clear,Urban,High,7,High
782,Wardha Road,21.1016,79.06538,4,Rain,Urban,Low,4,Medium
783,Hingna T Point,21.10938,78.97469,9,Rain,City Road,Low,7,Medium
784,Chatrapati Square,21.13414,79.09564,5,Fog,Highway,Low,1,High
785,Ravi Nagar,21.12928,79.07458,20,Clear,Highway,Low,6,Medium
786,Dharampeth,21.12186,79.06121,7,Clear,City Road,Medium,3,Low
787,Civil Lines,21.17187,79.10073,13,Clear,Urban,High,1,Low
788,Trimurti Nagar,21.14695,79.04953,3,Haze,Urban,Low,6,Medium
789,Pratap Nagar,21.09606,79.06365,20,Rain,Urban,Medium,0,Medium
790,Zero Mile,21.14025,79.07819,20,Cloudy,City Road,High,3,Medium
791,Itwari,21.15629,79.08417,5,Fog,City Road,High,6,High
792,Sadar,21.15561,79.10034,15,Cloudy,Junction,Medium,6,Medium
793,Nandanvan,21.13243,79.10914,1,Fog,Highway,Medium,6,High
794,Mankapur,21.10776,79.03139,22,Clear,Junction,High,6,High
795,Nagpur Railway Stn,21.14847,79.09116,18,Cloudy,Flyover,Low,4,Medium
796,Ambazari,21.13891,78.99589,17,Clear,Junction,Low,4,Medium
797,Beltarodi,21.06953,79.0109,17,Rain,Ring Road,High,3,Medium
798,Koradi,21.23384,78.99188,9,Clear,Flyover,Low,1,Low
799,Butibori,20.9711,79.0507,3,Clear,City Road,Low,4,Low
800,MIDC Hingna,21.07238,78.99093,4,Clear,City Road,Medium,4,Medium
801,Sitabuldi Junction,21.14123,79.09677,6,Rain,Urban,High,3,Medium
802,Wardha Road,21.07756,79.07438,15,Rain,City Road,Low,6,Low
803,Hingna T Point,21.11253,78.99819,9,Rain,Flyover,Medium,2,Medium
804,Chatrapati Square,21.11313,79.09885,18,Fog,Highway,High,3,High
805,Ravi Nagar,21.14717,79.07097,4,Haze,Flyover,Low,1,High
806,Dharampeth,21.14328,79.07287,22,Clear,Junction,Medium,4,Medium
807,Civil Lines,21.15636,79.07653,16,Rain,Highway,High,5,Medium
808,Trimurti Nagar,21.15069,79.03904,4,Clear,Ring Road,Low,3,Medium
809,Pratap Nagar,21.11174,79.04963,21,Rain,Highway,Medium,5,High
810,Zero Mile,21.13781,79.09906,8,Fog,City Road,Low,1,Low
811,Itwari,21.14774,79.1069,17,Clear,Highway,Medium,4,Medium
812,Sadar,21.14391,79.08613,19,Rain,Urban,Medium,4,Medium
813,Nandanvan,21.12349,79.12872,3,Rain,Flyover,Medium,1,High
814,Mankapur,21.10614,79.03685,16,Clear,Junction,High,2,Medium
815,Nagpur Railway Stn,21.15742,79.07411,23,Rain,City Road,High,5,High
816,Ambazari,21.14254,78.97347,6,Fog,Urban,High,4,Medium
817,Beltarodi,21.06548,79.03251,0,Cloudy,Urban,Low,3,Medium
818,Koradi,21.25659,78.99145,18,Rain,Flyover,Low,3,Medium
819,Butibori,20.96665,79.06332,2,Cloudy,Ring Road,Medium,4,Medium
820,MIDC Hingna,21.10482,78.99437,6,Clear,City Road,Medium,9,Low
821,Sitabuldi Junction,21.149,79.10612,23,Clear,Urban,Low,5,Medium
822,Wardha Road,21.10849,79.05849,6,Rain,Highway,High,2,Medium
823,Hingna T Point,21.10092,78.96458,13,Clear,Junction,Low,3,Low
824,Chatrapati Square,21.11854,79.0892,0,Cloudy,Urban,Low,4,Medium
825,Ravi Nagar,21.14374,79.0658,13,Clear,Flyover,Low,3,Low
826,Dharampeth,21.11554,79.07993,9,Fog,Urban,Low,4,Low
827,Civil Lines,21.15838,79.07897,11,Clear,Flyover,Medium,6,Medium
828,Trimurti Nagar,21.15574,79.03687,13,Clear,Junction,High,2,Medium
829,Pratap Nagar,21.12429,79.04622,11,Clear,Junction,Low,2,Medium
830,Zero Mile,21.14306,79.09935,7,Fog,Urban,High,3,Medium
831,Itwari,21.1386,79.09131,17,Rain,Ring Road,Medium,7,Medium
832,Sadar,21.16135,79.10016,12,Rain,Junction,Medium,5,Medium
833,Nandanvan,21.12842,79.11458,17,Fog,City Road,High,6,High
834,Mankapur,21.10997,79.04875,3,Fog,Urban,High,7,High
835,Nagpur Railway Stn,21.14061,79.08864,4,Haze,Junction,Low,8,High
836,Ambazari,21.12241,78.98396,17,Clear,Ring Road,Medium,6,Medium
837,Beltarodi,21.05821,79.03849,8,Fog,Ring Road,High,2,Medium
838,Koradi,21.25219,78.99692,5,Clear,City Road,Low,2,Low
839,Butibori,20.95801,79.06962,1,Rain,Ring Road,Low,3,Medium
840,MIDC Hingna,21.08492,78.98595,17,Fog,Junction,High,3,High
841,Sitabuldi Junction,21.14466,79.07419,20,Haze,Highway,High,4,High
842,Wardha Road,21.0878,79.07998,13,Clear,Junction,Low,6,Medium
843,Hingna T Point,21.08796,78.96319,8,Cloudy,Highway,Medium,6,Medium
844,Chatrapati Square,21.12741,79.09059,23,Fog,Highway,Low,4,High
845,Ravi Nagar,21.13899,79.0421,19,Cloudy,Highway,Medium,7,Medium
846,Dharampeth,21.12941,79.08321,13,Clear,Junction,High,3,Medium
847,Civil Lines,21.15534,79.10291,22,Clear,City Road,Medium,5,Medium
848,Trimurti Nagar,21.13205,79.05229,14,Cloudy,Junction,High,5,Medium
849,Pratap Nagar,21.10208,79.03314,18,Cloudy,Junction,Medium,7,Medium
850,Zero Mile,21.14639,79.10662,7,Rain,Junction,Low,4,Medium
851,Itwari,21.16836,79.10597,1,Cloudy,Urban,Medium,3,Medium
852,Sadar,21.14394,79.06881,7,Rain,Junction,Medium,5,Medium
853,Nandanvan,21.13725,79.13009,21,Rain,Highway,Low,2,High
854,Mankapur,21.11348,79.02516,1,Cloudy,Flyover,High,1,High
855,Nagpur Railway Stn,21.14257,79.09529,6,Clear,Highway,Low,5,Medium
856,Ambazari,21.11715,78.99059,16,Fog,Highway,Medium,5,Medium
857,Beltarodi,21.05143,79.03818,22,Fog,Ring Road,Medium,4,Medium
858,Koradi,21.26961,79.00732,13,Clear,Urban,High,2,Low
859,Butibori,20.97269,79.05214,21,Fog,Junction,High,7,High
860,MIDC Hingna,21.08121,78.98212,12,Rain,Ring Road,Medium,7,Medium
861,Sitabuldi Junction,21.12715,79.09518,7,Rain,Highway,Medium,4,Medium
862,Wardha Road,21.07737,79.04259,14,Clear,City Road,Medium,3,Low
863,Hingna T Point,21.0875,78.96087,17,Fog,City Road,Medium,5,Medium
864,Chatrapati Square,21.10738,79.08732,0,Clear,Flyover,Low,5,Medium
865,Ravi Nagar,21.12666,79.04632,9,Rain,Ring Road,High,10,Medium
866,Dharampeth,21.1305,79.06322,4,Haze,Highway,Low,4,Medium
867,Civil Lines,21.14267,79.10368,14,Rain,Urban,Medium,5,Low
868,Trimurti Nagar,21.13352,79.03884,19,Cloudy,Junction,High,8,High
869,Pratap Nagar,21.11305,79.04737,12,Fog,Urban,High,2,Medium
870,Zero Mile,21.15035,79.09962,9,Cloudy,Urban,Medium,2,Low
871,Itwari,21.16256,79.08695,15,Rain,Highway,High,2,Medium
872,Sadar,21.15984,79.09354,10,Fog,Flyover,Medium,5,Medium
873,Nandanvan,21.1219,79.13651,2,Rain,Junction,High,0,High
874,Mankapur,21.12211,79.03013,15,Clear,Urban,Medium,3,Low
875,Nagpur Railway Stn,21.15044,79.07915,13,Rain,Urban,High,2,Medium
876,Ambazari,21.10672,78.98898,1,Clear,Junction,High,10,High
877,Beltarodi,21.08521,79.04551,15,Rain,Urban,Low,4,Low
878,Koradi,21.26882,79.0022,6,Cloudy,Highway,Medium,4,Low
879,Butibori,20.96738,79.04386,14,Clear,City Road,Medium,1,Low
880,MIDC Hingna,21.09982,79.00021,14,Clear,Junction,High,6,Medium
881,Sitabuldi Junction,21.14832,79.10621,23,Rain,City Road,Low,7,Medium
882,Wardha Road,21.0775,79.05793,0,Clear,Ring Road,High,3,Medium
883,Hingna T Point,21.09732,78.96577,3,Fog,Junction,Low,7,High
884,Chatrapati Square,21.12504,79.1129,15,Haze,City Road,Medium,2,Medium
885,Ravi Nagar,21.13601,79.07396,14,Haze,Urban,High,6,Medium
886,Dharampeth,21.12744,79.07493,6,Rain,Urban,High,2,Medium
887,Civil Lines,21.14206,79.09279,13,Cloudy,Junction,High,2,Medium
888,Trimurti Nagar,21.16248,79.0531,22,Clear,Junction,High,0,High
889,Pratap Nagar,21.10692,79.0334,17,Clear,Junction,Low,2,Medium
890,Zero Mile,21.13633,79.09992,16,Clear,Junction,Medium,5,Medium
891,Itwari,21.1611,79.08404,16,Clear,Highway,Medium,8,Medium
892,Sadar,21.16868,79.08498,20,Cloudy,Junction,Medium,5,High
893,Nandanvan,21.12872,79.10509,5,Cloudy,Junction,Low,5,Medium
894,Mankapur,21.11338,79.02035,6,Clear,Highway,High,1,Low
895,Nagpur Railway Stn,21.13358,79.074,5,Rain,Ring Road,Medium,3,Medium
896,Ambazari,21.12759,78.98217,23,Haze,Ring Road,High,5,Medium
897,Beltarodi,21.07721,79.01227,16,Clear,Junction,High,5,Medium
898,Koradi,21.26008,78.9856,7,Clear,Junction,Medium,7,Medium
899,Butibori,20.95095,79.04588,4,Rain,Flyover,Medium,4,High
900,MIDC Hingna,21.08456,79.01838,16,Cloudy,City Road,Low,4,Low
901,Sitabuldi Junction,21.1533,79.08701,8,Haze,Urban,High,3,Low
902,Wardha Road,21.09164,79.05099,17,Haze,Highway,Medium,4,Medium
903,Hingna T Point,21.08397,78.99636,13,Rain,Junction,High,3,High
904,Chatrapati Square,21.13867,79.08499,23,Clear,Junction,Low,5,Medium
905,Ravi Nagar,21.14744,79.07014,21,Haze,Junction,Medium,4,High
906,Dharampeth,21.14928,79.05385,23,Haze,City Road,High,3,Medium
907,Civil Lines,21.17001,79.08814,4,Cloudy,Highway,High,3,High
908,Trimurti Nagar,21.15036,79.04257,14,Clear,Urban,Low,6,Low
909,Pratap Nagar,21.12508,79.03517,4,Fog,Junction,High,5,High
910,Zero Mile,21.14326,79.09185,7,Rain,Flyover,High,1,Medium
911,Itwari,21.14524,79.11858,9,Fog,Highway,High,1,Medium
912,Sadar,21.15823,79.07865,8,Fog,Junction,High,5,High
913,Nandanvan,21.12443,79.12677,11,Cloudy,Highway,Medium,4,Low
914,Mankapur,21.12686,79.0301,13,Clear,Flyover,High,5,Medium
915,Nagpur Railway Stn,21.14748,79.09606,13,Fog,City Road,Medium,4,Medium
916,Ambazari,21.10861,79.00749,10,Cloudy,Junction,High,6,Medium
917,Beltarodi,21.07027,79.04866,8,Fog,City Road,Low,4,Low
918,Koradi,21.26196,79.00091,14,Rain,Highway,High,1,Medium
919,Butibori,20.96122,79.05227,4,Clear,Flyover,Medium,4,High
920,MIDC Hingna,21.0873,79.01267,16,Cloudy,City Road,Medium,3,Low
921,Sitabuldi Junction,21.16221,79.08036,17,Clear,Urban,Medium,2,Low
922,Wardha Road,21.07842,79.06372,18,Cloudy,Highway,High,3,Medium
923,Hingna T Point,21.10449,78.96612,18,Clear,Highway,High,2,Medium
924,Chatrapati Square,21.1264,79.11228,16,Rain,Junction,High,6,High
925,Ravi Nagar,21.1336,79.07384,10,Clear,Highway,High,4,Medium
926,Dharampeth,21.12024,79.05128,17,Clear,City Road,Medium,3,Low
927,Civil Lines,21.15847,79.07744,2,Clear,Urban,Medium,3,Medium
928,Trimurti Nagar,21.13249,79.0293,17,Haze,Ring Road,High,5,Medium
929,Pratap Nagar,21.1213,79.03978,18,Cloudy,Highway,High,5,Medium
930,Zero Mile,21.16195,79.10295,22,Rain,Highway,Low,1,Medium
931,Itwari,21.16422,79.10579,3,Rain,City Road,Medium,4,High
932,Sadar,21.15209,79.06692,8,Clear,City Road,High,8,Medium
933,Nandanvan,21.11168,79.13627,22,Cloudy,Urban,Medium,8,Medium
934,Mankapur,21.11092,79.0201,2,Rain,City Road,Low,2,Medium
935,Nagpur Railway Stn,21.1636,79.08345,12,Rain,Junction,Low,3,Medium
936,Ambazari,21.12329,78.9794,11,Rain,Urban,Low,6,Low
937,Beltarodi,21.07037,79.03129,1,Fog,Urban,Low,3,Medium
938,Koradi,21.23525,79.01277,20,Haze,Highway,Low,3,Medium
939,Butibori,20.97967,79.05938,11,Clear,Highway,Medium,4,Medium
940,MIDC Hingna,21.10157,79.00129,13,Clear,City Road,Medium,9,Low
941,Sitabuldi Junction,21.12719,79.10376,9,Cloudy,City Road,Medium,7,Low
942,Wardha Road,21.0824,79.076,20,Cloudy,Highway,Medium,6,Medium
943,Hingna T Point,21.0864,78.96057,23,Rain,Urban,Low,2,Medium
944,Chatrapati Square,21.13078,79.077,6,Cloudy,Junction,High,3,Medium
945,Ravi Nagar,21.11844,79.06873,3,Fog,Highway,Medium,4,High
946,Dharampeth,21.11699,79.06302,23,Clear,Highway,Medium,3,Medium
947,Civil Lines,21.1569,79.07255,8,Fog,City Road,Medium,6,Medium
948,Trimurti Nagar,21.12599,79.04335,14,Cloudy,Highway,Medium,8,Medium
949,Pratap Nagar,21.13227,79.04344,20,Clear,Junction,Low,2,Medium
950,Zero Mile,21.15166,79.08336,17,Clear,City Road,Medium,3,Low
951,Itwari,21.16464,79.08197,16,Fog,Flyover,Medium,1,High
952,Sadar,21.15413,79.10014,4,Rain,Highway,Medium,4,High
953,Nandanvan,21.12092,79.1121,8,Cloudy,Ring Road,Medium,2,Low
954,Mankapur,21.13052,79.04657,11,Clear,Highway,Medium,5,Medium
955,Nagpur Railway Stn,21.16379,79.07869,22,Clear,Highway,Low,6,Medium
956,Ambazari,21.13977,78.98165,14,Fog,Junction,High,4,High
957,Beltarodi,21.05272,79.01433,21,Clear,Highway,Low,2,Medium
958,Koradi,21.23187,79.01781,4,Rain,Ring Road,High,7,High
959,Butibori,20.96359,79.05012,1,Fog,Junction,High,2,High
960,MIDC Hingna,21.08752,79.0137,7,Clear,City Road,High,6,Low
961,Sitabuldi Junction,21.16452,79.081,21,Fog,Junction,High,2,High
962,Wardha Road,21.07556,79.04876,22,Rain,Junction,Low,4,High
963,Hingna T Point,21.1042,78.98755,15,Clear,Urban,Medium,5,Low
964,Chatrapati Square,21.12587,79.08017,20,Clear,Highway,Medium,6,Medium
965,Ravi Nagar,21.1506,79.06881,2,Clear,Highway,High,4,High
966,Dharampeth,21.14702,79.06503,9,Clear,Highway,Low,2,Medium
967,Civil Lines,21.1571,79.10418,11,Rain,Urban,Low,4,Low
968,Trimurti Nagar,21.12968,79.03997,17,Haze,City Road,High,3,Medium
969,Pratap Nagar,21.11988,79.033,6,Rain,City Road,High,2,Medium
970,Zero Mile,21.14847,79.08037,4,Rain,City Road,Medium,3,Medium
971,Itwari,21.14672,79.09749,8,Clear,Ring Road,Medium,5,Low
972,Sadar,21.14641,79.07504,16,Fog,Highway,High,4,High
973,Nandanvan,21.13788,79.1399,9,Rain,Ring Road,High,6,Medium
974,Mankapur,21.10168,79.04393,19,Fog,Highway,Medium,4,Medium
975,Nagpur Railway Stn,21.14896,79.10355,5,Rain,Highway,Low,9,High
976,Ambazari,21.13473,79.00261,16,Haze,Junction,High,5,Medium
977,Beltarodi,21.08368,79.02855,3,Clear,Junction,Medium,2,High
978,Koradi,21.26479,78.99728,15,Fog,City Road,High,4,Medium
979,Butibori,20.96222,79.04982,3,Clear,Highway,Medium,6,Medium
980,MIDC Hingna,21.08918,79.01247,6,Rain,Urban,Medium,6,Medium
981,Sitabuldi Junction,21.16145,79.09363,3,Clear,Junction,High,3,High
982,Wardha Road,21.10143,79.05285,18,Clear,Junction,Medium,4,Medium
983,Hingna T Point,21.098,78.98335,17,Fog,Highway,High,4,High
984,Chatrapati Square,21.13995,79.10794,7,Haze,Urban,High,5,Medium
985,Ravi Nagar,21.15305,79.06548,23,Cloudy,Flyover,Low,4,Medium
986,Dharampeth,21.13297,79.08332,20,Fog,Ring Road,High,7,High
987,Civil Lines,21.13521,79.10048,18,Clear,Junction,High,5,Medium
988,Trimurti Nagar,21.14288,79.05736,8,Fog,Highway,High,2,High
989,Pratap Nagar,21.09926,79.04582,4,Rain,Urban,High,5,High
990,Zero Mile,21.13407,79.06824,14,Clear,Highway,Medium,1,Low
991,Itwari,21.1402,79.08195,13,Rain,Highway,Low,4,Medium
992,Sadar,21.15871,79.06965,20,Rain,Junction,High,1,High
993,Nandanvan,21.13332,79.13743,20,Fog,Ring Road,High,7,High
994,Mankapur,21.11727,79.04536,15,Cloudy,Flyover,High,4,Medium
995,Nagpur Railway Stn,21.1276,79.0714,16,Fog,Flyover,High,4,High
996,Ambazari,21.14608,78.97662,21,Fog,Highway,Medium,9,High
997,Beltarodi,21.07862,79.03809,2,Rain,Urban,Low,7,Medium
998,Koradi,21.23886,79.01026,5,Haze,Ring Road,Low,3,Medium
999,Butibori,20.9851,79.03796,3,Clear,Highway,Medium,3,Medium
1000,MIDC Hingna,21.09464,78.99739,17,Rain,Ring Road,High,5,Medium
1001,Sitabuldi Junction,21.15749,79.09853,14,Fog,Ring Road,Low,9,Low
1002,Wardha Road,21.07083,79.06515,0,Clear,Flyover,High,2,High
1003,Hingna T Point,21.08479,78.988,19,Rain,City Road,Medium,1,Medium
1004,Chatrapati Square,21.12292,79.09102,3,Clear,Junction,High,2,High
1005,Ravi Nagar,21.11884,79.05108,20,Rain,Highway,Low,6,High
1006,Dharampeth,21.14706,79.07413,18,Cloudy,Urban,Medium,1,Medium
1007,Civil Lines,21.14155,79.09259,4,Haze,Ring Road,High,6,High
1008,Trimurti Nagar,21.13545,79.05805,16,Cloudy,Urban,Medium,7,Low
1009,Pratap Nagar,21.12885,79.05914,19,Cloudy,Highway,Low,4,Medium
1010,Zero Mile,21.16212,79.09932,19,Fog,Highway,Low,2,Medium
1011,Itwari,21.17222,79.0991,11,Cloudy,Junction,Low,3,Low
1012,Sadar,21.15321,79.07736,4,Fog,Flyover,Medium,1,High
1013,Nandanvan,21.14754,79.11268,22,Clear,Junction,High,2,High
1014,Mankapur,21.10509,79.05618,21,Cloudy,Urban,High,1,Medium
1015,Nagpur Railway Stn,21.12873,79.08101,19,Rain,Ring Road,High,5,Medium
1016,Ambazari,21.12147,78.99714,17,Fog,Flyover,Low,2,High
1017,Beltarodi,21.08378,79.02813,17,Rain,Highway,High,6,High
1018,Koradi,21.25564,79.00093,2,Fog,Urban,High,2,High
1019,Butibori,20.95833,79.03502,9,Fog,City Road,Medium,2,Low
1020,MIDC Hingna,21.10831,78.99617,18,Haze,Highway,Medium,5,Medium
1021,Sitabuldi Junction,21.13386,79.1005,11,Fog,Urban,Medium,2,Low
1022,Wardha Road,21.106,79.04199,18,Clear,Highway,Low,7,Medium
1023,Hingna T Point,21.09382,78.99012,20,Clear,Junction,Low,9,Medium
1024,Chatrapati Square,21.11904,79.09964,9,Cloudy,Urban,Medium,7,Low
1025,Ravi Nagar,21.11904,79.05849,3,Clear,Junction,High,2,High
1026,Dharampeth,21.11518,79.06007,11,Fog,Junction,Medium,2,Medium
1027,Civil Lines,21.14186,79.09712,16,Rain,Ring Road,Low,6,Medium
1028,Trimurti Nagar,21.16452,79.05458,3,Fog,Flyover,High,4,High
1029,Pratap Nagar,21.13378,79.0521,12,Rain,Highway,Medium,10,High
1030,Zero Mile,21.16213,79.09085,12,Clear,Urban,Low,0,Low
1031,Itwari,21.14073,79.08903,18,Clear,City Road,Medium,6,Low
1032,Sadar,21.1549,79.10039,23,Cloudy,City Road,Medium,2,Medium
1033,Nandanvan,21.1452,79.12043,3,Clear,Junction,Low,4,Medium
1034,Mankapur,21.12134,79.05294,0,Clear,Junction,High,7,High
1035,Nagpur Railway Stn,21.14869,79.0717,11,Fog,Junction,Medium,3,Medium
1036,Ambazari,21.12311,78.98097,8,Haze,Urban,Medium,7,Medium
1037,Beltarodi,21.08817,79.01823,3,Rain,Urban,Medium,5,Medium
1038,Koradi,21.26281,79.01519,15,Clear,Highway,Medium,5,Medium
1039,Butibori,20.98877,79.03561,13,Clear,Urban,Low,2,Low
1040,MIDC Hingna,21.07414,78.98514,7,Fog,Junction,Low,3,Medium
1041,Sitabuldi Junction,21.13945,79.09468,21,Haze,Highway,Low,3,Medium
1042,Wardha Road,21.09625,79.0742,17,Cloudy,Junction,High,1,Medium
1043,Hingna T Point,21.0999,78.96592,21,Rain,Ring Road,Medium,6,Medium
1044,Chatrapati Square,21.11189,79.11157,0,Rain,Highway,High,2,High
1045,Ravi Nagar,21.15334,79.04543,19,Fog,City Road,High,5,Medium
1046,Dharampeth,21.11922,79.07975,18,Haze,Urban,High,4,Medium
1047,Civil Lines,21.1477,79.08103,2,Fog,Highway,Medium,3,High
1048,Trimurti Nagar,21.14364,79.05516,16,Clear,Junction,Medium,4,Medium
1049,Pratap Nagar,21.10773,79.04672,0,Rain,City Road,Medium,3,Medium
1050,Zero Mile,21.12644,79.08791,11,Clear,Junction,Low,4,Low
1051,Itwari,21.1766,79.11826,11,Clear,Highway,Medium,6,Medium
1052,Sadar,21.13838,79.09567,23,Fog,Urban,Medium,5,High
1053,Nandanvan,21.11879,79.10259,8,Fog,Highway,Low,2,Medium
1054,Mankapur,21.12484,79.05667,15,Clear,City Road,Medium,5,Low
1055,Nagpur Railway Stn,21.1291,79.08113,19,Fog,Flyover,Medium,6,High
1056,Ambazari,21.14009,78.99523,18,Haze,Junction,Medium,6,High
1057,Beltarodi,21.06585,79.01774,4,Clear,Ring Road,High,5,Medium
1058,Koradi,21.24027,78.98404,7,Fog,Highway,Low,3,Medium
1059,Butibori,20.97732,79.0555,4,Fog,City Road,High,3,High
1060,MIDC Hingna,21.09638,79.00191,10,Clear,Urban,Medium,7,Low
1061,Sitabuldi Junction,21.12984,79.10028,7,Clear,Junction,Medium,1,Low
1062,Wardha Road,21.09668,79.04935,8,Rain,Flyover,High,3,High
1063,Hingna T Point,21.10209,78.98231,18,Fog,Highway,Medium,1,Medium
1064,Chatrapati Square,21.13793,79.10619,23,Rain,City Road,Medium,3,High
1065,Ravi Nagar,21.11815,79.04648,10,Clear,Junction,High,10,High
1066,Dharampeth,21.13713,79.08056,9,Clear,Junction,Medium,6,Medium
1067,Civil Lines,21.14363,79.07434,13,Clear,Highway,Low,4,Low
1068,Trimurti Nagar,21.15949,79.03437,18,Haze,City Road,Low,6,Low
1069,Pratap Nagar,21.12553,79.06182,23,Clear,Junction,Low,2,Medium
1070,Zero Mile,21.15351,79.08469,13,Fog,Urban,Medium,4,Medium
1071,Itwari,21.16712,79.08555,18,Clear,Ring Road,Medium,3,Low
1072,Sadar,21.137,79.08778,9,Cloudy,Urban,Low,5,Low
1073,Nandanvan,21.11483,79.10885,9,Haze,Urban,Low,4,Low
1074,Mankapur,21.10932,79.04355,9,Clear,Junction,Medium,3,Medium
1075,Nagpur Railway Stn,21.15908,79.09708,2,Clear,Junction,Low,5,Medium
1076,Ambazari,21.13122,78.98609,4,Fog,Flyover,Medium,3,High
1077,Beltarodi,21.07452,79.04282,20,Rain,Highway,High,2,High
1078,Koradi,21.25171,79.01196,21,Rain,Highway,Low,6,High
1079,Butibori,20.96527,79.04499,18,Fog,Highway,Medium,5,High
1080,MIDC Hingna,21.08149,79.0037,0,Clear,Urban,Low,5,Medium
1081,Sitabuldi Junction,21.16313,79.07603,3,Clear,Junction,Low,5,Medium
1082,Wardha Road,21.08202,79.06626,21,Clear,Highway,Low,3,Medium
1083,Hingna T Point,21.09968,78.9921,2,Fog,Ring Road,Medium,7,High
1084,Chatrapati Square,21.11387,79.11349,6,Cloudy,City Road,Medium,4,Low
1085,Ravi Nagar,21.15362,79.05608,20,Cloudy,Junction,High,5,High
1086,Dharampeth,21.11336,79.06358,20,Fog,Urban,Medium,5,High
1087,Civil Lines,21.16749,79.06544,1,Haze,Urban,Medium,4,Medium
1088,Trimurti Nagar,21.1367,79.04409,4,Clear,Flyover,Low,7,Medium
1089,Pratap Nagar,21.11206,79.06958,8,Cloudy,City Road,Medium,2,Low
1090,Zero Mile,21.14833,79.07055,22,Fog,Highway,Low,4,High
1091,Itwari,21.1608,79.08877,21,Rain,City Road,Low,6,Medium
1092,Sadar,21.13141,79.09425,12,Rain,Flyover,Medium,7,High
1093,Nandanvan,21.11643,79.12531,17,Fog,Junction,Medium,6,High
1094,Mankapur,21.13633,79.0578,3,Clear,Urban,Low,3,Medium
1095,Nagpur Railway Stn,21.15054,79.09659,14,Clear,Urban,Medium,4,Low
1096,Ambazari,21.13189,78.99888,19,Rain,Junction,Medium,4,High
1097,Beltarodi,21.0673,79.02021,12,Clear,Highway,High,6,Medium
1098,Koradi,21.26011,78.99463,1,Clear,Urban,Low,3,Medium
1099,Butibori,20.98711,79.04629,17,Fog,Flyover,Medium,6,High
1100,MIDC Hingna,21.10283,78.99103,2,Rain,Junction,Medium,1,High
1101,Sitabuldi Junction,21.13655,79.08938,15,Clear,Junction,High,3,Medium
1102,Wardha Road,21.08936,79.06807,16,Clear,City Road,High,6,Low
1103,Hingna T Point,21.1191,78.96208,15,Cloudy,Highway,Low,7,Low
1104,Chatrapati Square,21.12153,79.07875,12,Clear,Highway,Low,7,Medium
1105,Ravi Nagar,21.13506,79.04947,23,Rain,Urban,Medium,4,High
1106,Dharampeth,21.12648,79.07615,19,Clear,City Road,High,3,Medium
1107,Civil Lines,21.15357,79.08542,21,Fog,Highway,High,3,High
1108,Trimurti Nagar,21.12909,79.04681,22,Fog,Ring Road,High,2,High
1109,Pratap Nagar,21.11083,79.03954,5,Clear,Ring Road,Low,3,Medium
1110,Zero Mile,21.13809,79.08642,9,Fog,City Road,Medium,5,Medium
1111,Itwari,21.15504,79.09343,5,Rain,City Road,High,3,High
1112,Sadar,21.15066,79.08352,5,Clear,City Road,Medium,5,Medium
1113,Nandanvan,21.13526,79.10315,0,Rain,Junction,Medium,3,High
1114,Mankapur,21.11647,79.04864,17,Rain,Highway,Medium,7,High
1115,Nagpur Railway Stn,21.14126,79.09437,11,Clear,Flyover,Medium,3,Medium
1116,Ambazari,21.12575,78.99845,16,Clear,Junction,Low,5,Medium
1117,Beltarodi,21.05779,79.01737,7,Haze,Highway,High,4,Medium
1118,Koradi,21.25405,79.00849,3,Rain,Ring Road,Low,5,Medium
1119,Butibori,20.97879,79.03089,22,Haze,City Road,Low,4,Medium
1120,MIDC Hingna,21.08295,78.9888,14,Clear,Junction,Medium,2,Medium
1121,Sitabuldi Junction,21.14437,79.069,16,Rain,Flyover,Medium,5,Medium
1122,Wardha Road,21.08919,79.0755,20,Clear,City Road,Low,3,Medium
1123,Hingna T Point,21.09837,78.98718,15,Fog,Highway,Medium,4,Medium
1124,Chatrapati Square,21.11284,79.10228,18,Rain,Flyover,Medium,6,High
1125,Ravi Nagar,21.13026,79.04925,7,Rain,City Road,Low,6,Low
1126,Dharampeth,21.13513,79.07354,1,Clear,Flyover,Medium,1,Medium
1127,Civil Lines,21.13518,79.08476,3,Cloudy,City Road,High,5,Medium
1128,Trimurti Nagar,21.13821,79.03725,16,Clear,City Road,Low,2,Low
1129,Pratap Nagar,21.11762,79.05976,0,Haze,Urban,Medium,5,Medium
1130,Zero Mile,21.13183,79.10429,16,Cloudy,Junction,High,2,Medium
1131,Itwari,21.16864,79.08691,1,Fog,City Road,High,4,High
1132,Sadar,21.14997,79.07311,14,Fog,City Road,Low,4,Medium
1133,Nandanvan,21.14271,79.11822,8,Rain,Urban,Low,1,Low
1134,Mankapur,21.12174,79.04103,20,Fog,Junction,Low,3,High
1135,Nagpur Railway Stn,21.14974,79.07502,0,Clear,Ring Road,Low,6,Medium
1136,Ambazari,21.1457,79.00391,6,Rain,City Road,Low,4,Low
1137,Beltarodi,21.07849,79.02504,2,Cloudy,Ring Road,Medium,4,Medium
1138,Koradi,21.25588,79.00217,11,Cloudy,Flyover,High,3,Medium
1139,Butibori,20.98711,79.04029,1,Rain,Urban,Medium,5,Medium
1140,MIDC Hingna,21.10661,78.99617,3,Rain,Junction,Low,6,High
1141,Sitabuldi Junction,21.16126,79.09689,9,Haze,Junction,High,3,Medium
1142,Wardha Road,21.07756,79.07036,15,Rain,Flyover,Low,5,Medium
1143,Hingna T Point,21.10873,78.98449,23,Rain,City Road,High,5,High
1144,Chatrapati Square,21.10583,79.08327,18,Rain,City Road,High,4,Medium
1145,Ravi Nagar,21.12937,79.0373,17,Haze,Highway,Medium,2,Medium
1146,Dharampeth,21.14543,79.06193,5,Rain,Junction,High,5,High
1147,Civil Lines,21.14393,79.0988,18,Clear,Junction,Medium,3,Medium
1148,Trimurti Nagar,21.14739,79.02888,21,Cloudy,Urban,Medium,3,Medium
1149,Pratap Nagar,21.11025,79.03941,15,Haze,City Road,Medium,4,Low
1150,Zero Mile,21.14848,79.09653,1,Clear,City Road,Medium,5,Medium
1151,Itwari,21.15934,79.09138,15,Clear,Flyover,Low,1,Low
1152,Sadar,21.14176,79.10019,8,Cloudy,Flyover,Low,1,Low
1153,Nandanvan,21.1214,79.11559,13,Clear,City Road,Low,3,Low
1154,Mankapur,21.10674,79.04526,23,Haze,Highway,High,2,High
1155,Nagpur Railway Stn,21.16151,79.10417,5,Cloudy,Highway,Medium,4,Medium
1156,Ambazari,21.11486,78.99158,14,Cloudy,Highway,Low,2,Low
1157,Beltarodi,21.06273,79.04826,19,Clear,Junction,Medium,7,Medium
1158,Koradi,21.25627,79.01141,2,Clear,Junction,Medium,2,Medium
1159,Butibori,20.98054,79.04273,4,Fog,Ring Road,Medium,4,High
1160,MIDC Hingna,21.08927,78.98223,9,Rain,Highway,High,2,Medium
1161,Sitabuldi Junction,21.14705,79.10395,16,Rain,Highway,High,1,Medium
1162,Wardha Road,21.08421,79.05124,2,Cloudy,Flyover,High,5,High
1163,Hingna T Point,21.0905,78.98982,15,Rain,Flyover,High,6,High
1164,Chatrapati Square,21.11217,79.08003,17,Cloudy,Flyover,Low,5,Medium
1165,Ravi Nagar,21.15272,79.04347,7,Haze,City Road,Medium,4,Medium
1166,Dharampeth,21.12595,79.05548,14,Clear,City Road,Low,1,Low
1167,Civil Lines,21.14905,79.07024,8,Haze,Highway,Medium,5,Medium
1168,Trimurti Nagar,21.13643,79.06278,7,Rain,City Road,Low,3,Low
1169,Pratap Nagar,21.11571,79.05818,0,Clear,City Road,Medium,7,Medium
1170,Zero Mile,21.14649,79.0942,10,Clear,Junction,High,3,Medium
1171,Itwari,21.16838,79.11479,7,Clear,Ring Road,Medium,0,Low
1172,Sadar,21.13421,79.08214,15,Cloudy,Urban,Low,3,Low
1173,Nandanvan,21.12894,79.12986,23,Cloudy,City Road,Medium,3,Medium
1174,Mankapur,21.12984,79.04504,3,Clear,Highway,High,2,High
1175,Nagpur Railway Stn,21.13324,79.09216,5,Clear,Junction,Low,4,Medium
1176,Ambazari,21.11595,79.00601,3,Rain,Flyover,Low,2,High
1177,Beltarodi,21.06094,79.0331,6,Rain,City Road,High,7,Medium
1178,Koradi,21.26596,78.99352,7,Rain,Highway,Low,3,Medium
1179,Butibori,20.98348,79.05201,3,Cloudy,Urban,Medium,3,Medium
1180,MIDC Hingna,21.0731,79.00373,22,Rain,Junction,Low,1,High
1181,Sitabuldi Junction,21.16222,79.08831,18,Clear,Junction,Medium,1,Medium
1182,Wardha Road,21.08062,79.04835,2,Fog,City Road,High,8,High
1183,Hingna T Point,21.09854,78.98423,13,Rain,Ring Road,Medium,5,Medium
1184,Chatrapati Square,21.12146,79.08049,9,Rain,Flyover,High,4,High
1185,Ravi Nagar,21.13855,79.04394,9,Clear,City Road,Low,2,Low
1186,Dharampeth,21.14565,79.06798,4,Rain,City Road,Medium,2,Medium
1187,Civil Lines,21.13784,79.0903,6,Cloudy,Flyover,High,4,Medium
1188,Trimurti Nagar,21.15397,79.051,19,Clear,Highway,Medium,5,Medium
1189,Pratap Nagar,21.12632,79.04387,12,Clear,City Road,High,10,Low
1190,Zero Mile,21.16373,79.06937,4,Clear,City Road,Low,3,Low
1191,Itwari,21.16475,79.11037,12,Rain,Junction,High,2,Medium
1192,Sadar,21.1451,79.06736,16,Clear,City Road,High,4,Medium
1193,Nandanvan,21.13558,79.13491,5,Fog,City Road,Medium,6,High
1194,Mankapur,21.1378,79.02054,23,Clear,Urban,Medium,9,Medium
1195,Nagpur Railway Stn,21.12899,79.07531,4,Clear,Highway,High,2,High
1196,Ambazari,21.11154,78.98914,19,Fog,Ring Road,Medium,6,Medium
1197,Beltarodi,21.07571,79.02832,3,Cloudy,Junction,Low,6,Medium
1198,Koradi,21.23548,79.00261,13,Rain,Urban,Low,4,Low
1199,Butibori,20.9582,79.06579,19,Clear,City Road,High,6,Medium
1200,MIDC Hingna,21.07382,78.99763,14,Cloudy,City Road,Low,6,Low
1201,Sitabuldi Junction,21.15893,79.08714,12,Cloudy,Highway,High,6,Medium
1202,Wardha Road,21.08544,79.07082,3,Fog,Junction,Low,3,High
1203,Hingna T Point,21.10757,78.96279,11,Rain,Junction,Low,6,Medium
1204,Chatrapati Square,21.11547,79.0824,16,Haze,Urban,High,1,Medium
1205,Ravi Nagar,21.13236,79.05493,18,Clear,City Road,Medium,2,Low
1206,Dharampeth,21.12752,79.08104,15,Clear,Junction,Low,3,Low
1207,Civil Lines,21.16655,79.06993,10,Fog,Ring Road,High,1,Medium
1208,Trimurti Nagar,21.12956,79.03762,12,Rain,Highway,Low,1,Medium
1209,Pratap Nagar,21.12209,79.05548,14,Cloudy,Urban,Medium,2,Low
1210,Zero Mile,21.14028,79.07137,17,Rain,Junction,Medium,2,High
1211,Itwari,21.15875,79.11897,0,Clear,City Road,Medium,1,Medium
1212,Sadar,21.16773,79.08474,14,Rain,Ring Road,High,11,Medium
1213,Nandanvan,21.11467,79.12422,6,Clear,Highway,Medium,7,Medium
1214,Mankapur,21.10116,79.02162,19,Cloudy,Junction,Low,3,Medium
1215,Nagpur Railway Stn,21.15278,79.06898,6,Cloudy,Highway,Medium,8,Medium
1216,Ambazari,21.1246,78.9832,20,Clear,Junction,Medium,3,High
1217,Beltarodi,21.06395,79.02601,13,Haze,Highway,High,4,Medium
1218,Koradi,21.26442,79.00128,15,Cloudy,Ring Road,Low,3,Low
1219,Butibori,20.9734,79.03859,19,Clear,Junction,High,4,Medium
1220,MIDC Hingna,21.07322,79.00247,18,Haze,Junction,High,5,High
1221,Sitabuldi Junction,21.13522,79.07798,17,Clear,Urban,High,3,Medium
1222,Wardha Road,21.0722,79.05128,8,Clear,Urban,High,4,Low
1223,Hingna T Point,21.0998,78.97885,20,Rain,Flyover,Medium,5,High
1224,Chatrapati Square,21.12379,79.09372,4,Haze,Junction,High,4,High
1225,Ravi Nagar,21.1497,79.04808,10,Rain,City Road,High,3,Medium
1226,Dharampeth,21.13261,79.08649,4,Fog,Highway,Medium,5,High
1227,Civil Lines,21.15073,79.09811,1,Cloudy,Flyover,Low,4,Medium
1228,Trimurti Nagar,21.13841,79.06742,23,Clear,Ring Road,High,6,Medium
1229,Pratap Nagar,21.1343,79.03923,0,Clear,Junction,Medium,2,Medium
1230,Zero Mile,21.13634,79.07116,5,Clear,Urban,High,8,Medium
1231,Itwari,21.16891,79.10091,16,Cloudy,Flyover,High,8,Medium
1232,Sadar,21.13509,79.09647,2,Clear,Highway,High,4,Medium
1233,Nandanvan,21.14074,79.13032,14,Clear,Urban,Medium,3,Low
1234,Mankapur,21.11386,79.05596,15,Cloudy,Ring Road,High,5,Medium
1235,Nagpur Railway Stn,21.14802,79.09095,12,Cloudy,Urban,Medium,6,Low
1236,Ambazari,21.11382,78.9999,1,Rain,Flyover,Low,2,High
1237,Beltarodi,21.08831,79.01631,3,Clear,Highway,Low,5,Medium
1238,Koradi,21.26687,78.98692,6,Cloudy,Flyover,Medium,2,Medium
1239,Butibori,20.97202,79.04229,11,Clear,City Road,Medium,5,Low
1240,MIDC Hingna,21.09794,78.98611,1,Haze,Highway,Low,7,High
1241,Sitabuldi Junction,21.12828,79.10372,22,Haze,Ring Road,High,2,Medium
1242,Wardha Road,21.1049,79.05206,17,Clear,Highway,Medium,10,Medium
1243,Hingna T Point,21.0807,78.97621,3,Cloudy,City Road,Medium,1,Medium
1244,Chatrapati Square,21.12769,79.11422,4,Haze,City Road,Medium,5,Medium
1245,Ravi Nagar,21.12953,79.06018,1,Clear,City Road,High,8,Medium
1246,Dharampeth,21.13468,79.08118,22,Clear,City Road,Low,4,Medium
1247,Civil Lines,21.16213,79.07376,17,Clear,Junction,Medium,3,Medium
1248,Trimurti Nagar,21.14531,79.0557,3,Clear,Junction,Medium,2,High
1249,Pratap Nagar,21.12089,79.04185,23,Clear,Ring Road,Medium,7,Medium
1250,Zero Mile,21.16067,79.08776,4,Cloudy,Urban,Medium,7,Medium
1251,Itwari,21.16833,79.08209,13,Rain,Flyover,Low,3,Medium
1252,Sadar,21.16754,79.08875,16,Rain,Highway,High,2,Medium
1253,Nandanvan,21.11814,79.11124,23,Rain,Highway,Low,3,High
1254,Mankapur,21.1215,79.02641,13,Rain,Junction,High,1,High
1255,Nagpur Railway Stn,21.144,79.08526,23,Rain,Junction,Low,1,High
1256,Ambazari,21.12095,78.99874,20,Clear,Highway,Medium,4,Medium
1257,Beltarodi,21.06003,79.01917,12,Fog,City Road,Medium,1,Medium
1258,Koradi,21.2389,79.01809,15,Rain,City Road,High,7,Medium
1259,Butibori,20.956,79.06136,15,Clear,Junction,High,2,Medium
1260,MIDC Hingna,21.07634,79.00009,20,Cloudy,Highway,Low,6,Medium
1261,Sitabuldi Junction,21.14758,79.07641,2,Clear,Highway,Medium,3,Medium
1262,Wardha Road,21.10554,79.06242,5,Clear,Highway,Medium,5,Medium
1263,Hingna T Point,21.08615,78.9945,0,Rain,City Road,Low,3,Medium
1264,Chatrapati Square,21.10863,79.0778,15,Rain,Junction,Low,3,Medium
1265,Ravi Nagar,21.12984,79.04225,18,Haze,Highway,Low,3,Medium
1266,Dharampeth,21.14675,79.07436,1,Cloudy,Junction,High,6,High
1267,Civil Lines,21.16068,79.0883,5,Rain,City Road,High,2,High
1268,Trimurti Nagar,21.15471,79.03489,6,Rain,Urban,High,3,Medium
1269,Pratap Nagar,21.12268,79.03316,3,Clear,Urban,Low,1,Low
1270,Zero Mile,21.13519,79.07873,9,Rain,Highway,Medium,3,Medium
1271,Itwari,21.1701,79.08661,1,Clear,Junction,Medium,3,Medium
1272,Sadar,21.16774,79.09953,17,Rain,City Road,Medium,3,Medium
1273,Nandanvan,21.14531,79.1028,4,Fog,Junction,Medium,1,High
1274,Mankapur,21.10867,79.05309,22,Rain,Junction,High,2,High
1275,Nagpur Railway Stn,21.13683,79.09061,4,Cloudy,Junction,Medium,2,Medium
1276,Ambazari,21.14375,79.0009,2,Clear,Urban,High,7,Medium
1277,Beltarodi,21.0531,79.03387,11,Clear,Ring Road,Low,2,Low
1278,Koradi,21.24766,79.00117,9,Haze,Junction,Medium,4,Medium
1279,Butibori,20.98705,79.0334,12,Clear,Junction,Medium,6,Medium
1280,MIDC Hingna,21.07841,78.98351,15,Cloudy,City Road,Medium,3,Low
1281,Sitabuldi Junction,21.15852,79.10471,17,Clear,City Road,High,2,Medium
1282,Wardha Road,21.0863,79.04912,3,Fog,Junction,Low,0,High
1283,Hingna T Point,21.11431,78.96233,3,Rain,Urban,High,1,High
1284,Chatrapati Square,21.13936,79.09369,20,Cloudy,Junction,Low,4,Medium
1285,Ravi Nagar,21.13811,79.05255,11,Clear,Junction,Medium,6,Medium
1286,Dharampeth,21.14239,79.08811,4,Cloudy,Highway,High,3,High
1287,Civil Lines,21.15876,79.09829,10,Clear,Junction,Medium,5,Medium
1288,Trimurti Nagar,21.15453,79.05981,19,Cloudy,Ring Road,Medium,1,Low
1289,Pratap Nagar,21.12468,79.05985,5,Clear,City Road,Medium,5,Medium
1290,Zero Mile,21.16473,79.08156,22,Haze,Highway,Medium,5,High
1291,Itwari,21.13867,79.09053,15,Rain,Junction,Medium,5,Medium
1292,Sadar,21.15216,79.07497,23,Rain,City Road,Medium,4,Medium
1293,Nandanvan,21.11306,79.12824,17,Rain,Junction,High,4,High
1294,Mankapur,21.13897,79.04513,5,Clear,Junction,Low,2,Medium
1295,Nagpur Railway Stn,21.14197,79.07247,14,Clear,City Road,Medium,7,Low
1296,Ambazari,21.13469,79.0062,17,Cloudy,Highway,High,5,Medium
1297,Beltarodi,21.06277,79.01578,15,Rain,Ring Road,High,2,Medium
1298,Koradi,21.26729,78.99002,17,Haze,Highway,Medium,6,High
1299,Butibori,20.95414,79.0439,6,Cloudy,Junction,Medium,2,Medium
1300,MIDC Hingna,21.09446,78.98276,14,Rain,City Road,Medium,5,Medium
1301,Sitabuldi Junction,21.16175,79.08701,3,Haze,City Road,Low,4,Medium
1302,Wardha Road,21.08436,79.06265,13,Clear,City Road,Medium,4,Low
1303,Hingna T Point,21.11074,78.97508,9,Rain,City Road,Low,3,Low
1304,Chatrapati Square,21.12505,79.07788,11,Clear,Flyover,Medium,5,Medium
1305,Ravi Nagar,21.12263,79.03529,21,Clear,Flyover,Medium,3,Medium
1306,Dharampeth,21.12214,79.07484,8,Clear,City Road,High,6,Low
1307,Civil Lines,21.16776,79.09398,12,Cloudy,Ring Road,Medium,7,Low
1308,Trimurti Nagar,21.16117,79.0596,10,Fog,City Road,Low,5,Low
1309,Pratap Nagar,21.10637,79.05816,20,Cloudy,Urban,Medium,4,Medium
1310,Zero Mile,21.13294,79.08337,5,Haze,Highway,Medium,7,High
1311,Itwari,21.1584,79.09407,0,Clear,Junction,Medium,8,High
1312,Sadar,21.14883,79.08771,13,Rain,Flyover,Medium,3,Medium
1313,Nandanvan,21.11262,79.11522,13,Rain,Highway,High,6,High
1314,Mankapur,21.11365,79.05866,14,Fog,Junction,Low,3,Medium
1315,Nagpur Railway Stn,21.14411,79.08348,9,Clear,Junction,Medium,6,Medium
1316,Ambazari,21.12353,78.98789,9,Rain,Highway,High,7,High
1317,Beltarodi,21.06663,79.03162,4,Rain,Junction,High,3,High
1318,Koradi,21.23948,79.01097,18,Cloudy,Flyover,Low,1,Medium
1319,Butibori,20.97068,79.03577,14,Clear,Junction,Low,6,Medium
1320,MIDC Hingna,21.10659,78.99283,16,Fog,Junction,Medium,6,Medium
1321,Sitabuldi Junction,21.15717,79.07897,15,Clear,City Road,Low,4,Low
1322,Wardha Road,21.08636,79.04114,23,Clear,Highway,Medium,5,High
1323,Hingna T Point,21.08137,78.98613,21,Haze,Junction,High,3,High
1324,Chatrapati Square,21.13738,79.07714,19,Rain,Urban,Medium,2,Medium
1325,Ravi Nagar,21.13784,79.03656,14,Cloudy,City Road,Low,3,Low
1326,Dharampeth,21.11383,79.05152,1,Rain,Highway,High,5,High
1327,Civil Lines,21.13456,79.07045,15,Cloudy,Highway,Medium,4,Medium
1328,Trimurti Nagar,21.15372,79.06444,6,Rain,Urban,High,3,Medium
1329,Pratap Nagar,21.11068,79.05784,22,Fog,Ring Road,Medium,2,Medium
1330,Zero Mile,21.13462,79.08224,8,Clear,Highway,Medium,5,Medium
1331,Itwari,21.16111,79.1105,18,Clear,City Road,Medium,3,Low
1332,Sadar,21.13304,79.09602,12,Fog,Urban,Medium,4,Medium
1333,Nandanvan,21.11984,79.12755,5,Cloudy,Junction,High,4,High
1334,Mankapur,21.12357,79.04888,2,Rain,Ring Road,Medium,6,High
1335,Nagpur Railway Stn,21.16571,79.07806,9,Clear,City Road,Medium,4,Low
1336,Ambazari,21.1384,79.00631,8,Clear,Ring Road,Medium,2,Low
1337,Beltarodi,21.07515,79.04541,9,Clear,Ring Road,High,4,Low
1338,Koradi,21.23149,79.00001,18,Rain,Highway,Low,5,High
1339,Butibori,20.96961,79.03571,13,Rain,Urban,High,3,Medium
1340,MIDC Hingna,21.08359,79.00338,16,Fog,Junction,Low,2,Medium
1341,Sitabuldi Junction,21.14781,79.08004,2,Clear,Highway,Low,2,Medium
1342,Wardha Road,21.08308,79.07553,12,Clear,Flyover,Medium,1,Low
1343,Hingna T Point,21.08545,78.96098,2,Clear,Highway,High,6,High
1344,Chatrapati Square,21.10655,79.10751,21,Rain,Urban,High,2,High
1345,Ravi Nagar,21.12559,79.04743,21,Clear,Junction,High,4,High
1346,Dharampeth,21.1363,79.08481,15,Fog,Flyover,Low,7,Medium
1347,Civil Lines,21.16491,79.10287,16,Haze,Urban,Medium,4,Low
1348,Trimurti Nagar,21.12501,79.04689,9,Clear,City Road,High,2,Low
1349,Pratap Nagar,21.10667,79.05029,13,Rain,Junction,Low,3,Medium
1350,Zero Mile,21.15856,79.08781,0,Rain,Ring Road,High,5,High
1351,Itwari,21.16858,79.1141,21,Fog,Junction,Low,2,High
1352,Sadar,21.16483,79.0757,3,Cloudy,City Road,Medium,2,Medium
1353,Nandanvan,21.12504,79.1336,7,Clear,Urban,Low,5,Low
1354,Mankapur,21.1034,79.04483,9,Rain,City Road,Medium,4,Medium
1355,Nagpur Railway Stn,21.13564,79.10463,10,Cloudy,Junction,Low,2,Low
1356,Ambazari,21.11791,78.97539,15,Clear,Junction,Medium,8,Medium
1357,Beltarodi,21.06888,79.04195,2,Cloudy,City Road,Low,1,Low
1358,Koradi,21.2632,79.00718,18,Clear,Highway,Low,7,Medium
1359,Butibori,20.98896,79.04806,5,Haze,Junction,High,4,High
1360,MIDC Hingna,21.10576,79.01858,10,Rain,City Road,High,2,Medium
1361,Sitabuldi Junction,21.14154,79.07045,7,Clear,Flyover,High,3,Medium
1362,Wardha Road,21.09598,79.04201,12,Clear,Junction,Medium,7,Medium
1363,Hingna T Point,21.11167,78.99535,20,Clear,Junction,High,5,High
1364,Chatrapati Square,21.13778,79.10022,19,Fog,Highway,High,3,High
1365,Ravi Nagar,21.12206,79.05941,3,Haze,Urban,Medium,4,Medium
1366,Dharampeth,21.13582,79.05524,9,Clear,Urban,Medium,4,Low
1367,Civil Lines,21.16357,79.10358,19,Rain,Ring Road,Medium,4,Medium
1368,Trimurti Nagar,21.14917,79.04011,3,Fog,Highway,High,5,High
1369,Pratap Nagar,21.10946,79.05972,4,Cloudy,Ring Road,Medium,4,Medium
1370,Zero Mile,21.15348,79.0811,6,Fog,Junction,Low,8,Medium
1371,Itwari,21.15987,79.10585,5,Clear,City Road,High,2,Medium
1372,Sadar,21.13099,79.07411,14,Cloudy,Flyover,Medium,4,Medium
1373,Nandanvan,21.12359,79.12538,14,Cloudy,Flyover,Low,5,Low
1374,Mankapur,21.10164,79.03983,2,Clear,Junction,Medium,7,High
1375,Nagpur Railway Stn,21.16295,79.06908,18,Haze,Urban,Low,7,Medium
1376,Ambazari,21.13125,78.98554,21,Clear,Flyover,High,2,High
1377,Beltarodi,21.08932,79.01232,17,Rain,Highway,Low,2,Medium
1378,Koradi,21.26,79.01786,6,Clear,Junction,High,2,Medium
1379,Butibori,20.95808,79.03619,20,Fog,Highway,Medium,3,High
1380,MIDC Hingna,21.09093,79.00938,20,Haze,Junction,Medium,2,High
1381,Sitabuldi Junction,21.15047,79.0751,3,Clear,Urban,Medium,0,Medium
1382,Wardha Road,21.08352,79.05211,20,Clear,Ring Road,Low,4,Medium
1383,Hingna T Point,21.10914,78.9738,14,Cloudy,Junction,Low,7,Medium
1384,Chatrapati Square,21.12199,79.10894,5,Rain,Highway,Low,2,High
1385,Ravi Nagar,21.14996,79.04807,8,Cloudy,Flyover,Medium,6,Medium
1386,Dharampeth,21.14682,79.07575,12,Clear,Highway,Low,6,Low
1387,Civil Lines,21.16118,79.0745,9,Clear,Urban,Low,4,Low
1388,Trimurti Nagar,21.13813,79.04498,6,Rain,Highway,Medium,2,Medium
1389,Pratap Nagar,21.09888,79.04931,5,Rain,Urban,Low,6,Medium
1390,Zero Mile,21.16242,79.08939,2,Fog,Junction,Medium,4,High
1391,Itwari,21.15961,79.10338,10,Rain,Junction,Low,8,Medium
1392,Sadar,21.16925,79.08019,12,Rain,City Road,High,7,Medium
1393,Nandanvan,21.11639,79.11532,14,Cloudy,Junction,Medium,5,Medium
1394,Mankapur,21.13053,79.04987,9,Haze,Ring Road,Medium,4,Low
1395,Nagpur Railway Stn,21.13013,79.10427,14,Haze,Ring Road,Medium,4,Low
1396,Ambazari,21.11532,78.99351,13,Fog,Junction,Medium,2,Medium
1397,Beltarodi,21.07613,79.02747,1,Cloudy,Junction,Low,1,Medium
1398,Koradi,21.23179,78.9882,15,Fog,Highway,High,2,Medium
1399,Butibori,20.95728,79.04296,21,Haze,Junction,Medium,5,High
1400,MIDC Hingna,21.07582,79.00424,10,Haze,City Road,High,7,Medium
1401,Sitabuldi Junction,21.14965,79.10264,14,Clear,Ring Road,Medium,6,Low
1402,Wardha Road,21.08582,79.07764,19,Rain,Junction,Medium,1,High
1403,Hingna T Point,21.10478,78.98995,1,Fog,Junction,Medium,2,High
1404,Chatrapati Square,21.12523,79.08876,23,Clear,City Road,High,7,Medium
1405,Ravi Nagar,21.12977,79.06114,1,Clear,Flyover,Medium,4,High
1406,Dharampeth,21.14406,79.05222,17,Clear,Urban,Low,5,Low
1407,Civil Lines,21.15795,79.07796,8,Rain,Junction,Medium,4,Medium
1408,Trimurti Nagar,21.14983,79.0585,8,Haze,Highway,Low,3,Medium
1409,Pratap Nagar,21.12612,79.04003,4,Cloudy,City Road,High,5,Medium
1410,Zero Mile,21.15799,79.07492,14,Rain,City Road,High,5,Medium
1411,Itwari,21.16774,79.10764,5,Clear,Highway,High,2,High
1412,Sadar,21.14568,79.08722,4,Rain,Flyover,Low,8,High
1413,Nandanvan,21.11651,79.12195,9,Rain,Ring Road,Medium,3,Medium
1414,Mankapur,21.10671,79.02182,16,Haze,City Road,Low,4,Low
1415,Nagpur Railway Stn,21.14661,79.09828,8,Rain,City Road,Low,5,Medium
1416,Ambazari,21.13795,78.99669,4,Rain,City Road,Medium,4,High
1417,Beltarodi,21.05116,79.03294,1,Rain,Junction,Medium,1,High
1418,Koradi,21.26299,79.0098,5,Fog,Junction,Medium,4,High
1419,Butibori,20.95405,79.04547,13,Clear,Urban,Low,7,Low
1420,MIDC Hingna,21.10605,78.98064,4,Clear,Highway,Medium,5,High
1421,Sitabuldi Junction,21.13714,79.09437,10,Rain,Ring Road,High,6,Medium
1422,Wardha Road,21.1032,79.06816,6,Clear,City Road,Medium,0,Low
1423,Hingna T Point,21.0832,78.99283,10,Rain,City Road,Medium,4,Medium
1424,Chatrapati Square,21.13599,79.10573,11,Clear,Ring Road,Low,2,Low
1425,Ravi Nagar,21.12155,79.03661,10,Cloudy,Urban,Low,5,Low
1426,Dharampeth,21.14792,79.05539,1,Rain,Highway,Low,4,High
1427,Civil Lines,21.17113,79.08385,0,Clear,Flyover,High,3,High
1428,Trimurti Nagar,21.15302,79.03697,11,Rain,City Road,Low,5,Low
1429,Pratap Nagar,21.1092,79.07017,11,Fog,City Road,Low,5,Medium
1430,Zero Mile,21.14505,79.08953,15,Clear,Junction,Low,3,Medium
1431,Itwari,21.15873,79.11404,20,Clear,Flyover,Medium,5,High
1432,Sadar,21.13403,79.0896,9,Fog,Ring Road,High,4,Medium
1433,Nandanvan,21.13443,79.10719,3,Rain,Urban,High,2,High
1434,Mankapur,21.13909,79.04351,7,Rain,Highway,Medium,4,Medium
1435,Nagpur Railway Stn,21.12955,79.07315,4,Rain,Junction,High,4,High
1436,Ambazari,21.10781,78.9929,8,Rain,Highway,Medium,2,Medium
1437,Beltarodi,21.05574,79.02496,11,Clear,Flyover,Medium,7,Medium
1438,Koradi,21.25101,79.01287,19,Clear,Highway,Low,5,Medium
1439,Butibori,20.97461,79.04824,2,Haze,Highway,Low,6,High
1440,MIDC Hingna,21.08163,79.00175,15,Haze,Urban,High,6,Medium
1441,Sitabuldi Junction,21.14125,79.07065,2,Clear,Urban,Low,5,Medium
1442,Wardha Road,21.08485,79.04589,6,Clear,Ring Road,High,11,Medium
1443,Hingna T Point,21.08279,78.97708,21,Rain,Highway,Medium,3,High
1444,Chatrapati Square,21.10067,79.08262,9,Rain,Ring Road,High,6,Medium
1445,Ravi Nagar,21.12287,79.04573,12,Fog,Flyover,Medium,4,Medium
1446,Dharampeth,21.11413,79.07132,18,Clear,Junction,High,3,Medium
1447,Civil Lines,21.13689,79.0801,1,Cloudy,Flyover,Low,5,Medium
1448,Trimurti Nagar,21.12623,79.04949,16,Fog,Junction,Medium,4,High
1449,Pratap Nagar,21.12312,79.03572,14,Cloudy,Junction,Medium,4,Medium
1450,Zero Mile,21.13522,79.08783,15,Fog,Junction,Medium,4,Medium
1451,Itwari,21.16711,79.08912,1,Clear,Urban,Medium,3,Medium
1452,Sadar,21.14199,79.08335,8,Haze,Flyover,High,5,Medium
1453,Nandanvan,21.14843,79.1286,19,Haze,Junction,Medium,3,Medium
1454,Mankapur,21.12188,79.03787,8,Rain,Highway,Medium,5,Medium
1455,Nagpur Railway Stn,21.14062,79.08409,9,Clear,City Road,Low,2,Low
1456,Ambazari,21.14199,78.9851,14,Fog,City Road,Low,2,Low
1457,Beltarodi,21.08217,79.032,4,Rain,Urban,Medium,6,High
1458,Koradi,21.24056,79.00997,23,Rain,Highway,Medium,3,High
1459,Butibori,20.95459,79.06124,4,Clear,Junction,Low,6,High
1460,MIDC Hingna,21.09976,78.99945,3,Rain,City Road,Medium,5,High
1461,Sitabuldi Junction,21.14017,79.0874,20,Clear,Urban,High,5,Medium
1462,Wardha Road,21.10027,79.04873,21,Clear,Junction,Low,2,Medium
1463,Hingna T Point,21.10687,78.97168,11,Rain,Urban,Low,8,Medium
1464,Chatrapati Square,21.11599,79.09298,2,Cloudy,Highway,Medium,4,Medium
1465,Ravi Nagar,21.11826,79.05426,23,Rain,City Road,High,4,High
1466,Dharampeth,21.13745,79.06805,7,Cloudy,Urban,High,6,Low
1467,Civil Lines,21.14765,79.0676,6,Rain,Ring Road,Low,2,Low
1468,Trimurti Nagar,21.14011,79.06645,13,Fog,City Road,Medium,2,Medium
1469,Pratap Nagar,21.12262,79.03782,14,Haze,Highway,High,4,Medium
1470,Zero Mile,21.14166,79.07103,14,Fog,Flyover,Medium,5,Medium
1471,Itwari,21.14087,79.10558,7,Haze,Junction,Low,5,Medium
1472,Sadar,21.16639,79.08651,13,Rain,City Road,Medium,1,Medium
1473,Nandanvan,21.14616,79.13536,4,Rain,Urban,High,8,High
1474,Mankapur,21.10985,79.04407,17,Cloudy,Urban,Low,6,Low
1475,Nagpur Railway Stn,21.16275,79.07507,15,Rain,Ring Road,Medium,6,Medium
1476,Ambazari,21.13048,78.99576,20,Clear,Urban,High,4,Medium
1477,Beltarodi,21.0539,79.03912,8,Cloudy,Urban,High,3,Low
1478,Koradi,21.25609,79.00236,0,Fog,City Road,Medium,3,Medium
1479,Butibori,20.98256,79.06395,21,Cloudy,Highway,High,3,High
1480,MIDC Hingna,21.07299,78.99901,2,Fog,Junction,Medium,1,High
1481,Sitabuldi Junction,21.13527,79.07704,11,Rain,City Road,Medium,2,Medium
1482,Wardha Road,21.08847,79.06558,19,Clear,Junction,Medium,9,Medium
1483,Hingna T Point,21.0905,78.97445,22,Clear,City Road,Low,2,Low
1484,Chatrapati Square,21.13391,79.0828,1,Cloudy,Junction,High,4,High
1485,Ravi Nagar,21.14947,79.05652,13,Clear,Highway,Low,2,Low
1486,Dharampeth,21.1385,79.05462,16,Rain,City Road,Medium,1,Medium
1487,Civil Lines,21.1702,79.103,15,Rain,City Road,High,4,Medium
1488,Trimurti Nagar,21.14902,79.03299,19,Cloudy,Urban,High,4,Medium
1489,Pratap Nagar,21.11645,79.04356,16,Fog,Flyover,High,3,High
1490,Zero Mile,21.15791,79.08503,3,Clear,Urban,High,2,Medium
1491,Itwari,21.16412,79.09851,4,Fog,Ring Road,Low,4,Medium
1492,Sadar,21.16644,79.09913,21,Fog,City Road,High,4,High
1493,Nandanvan,21.13448,79.10479,13,Clear,Junction,Medium,4,Medium
1494,Mankapur,21.10411,79.03756,15,Cloudy,Urban,High,7,Low
1495,Nagpur Railway Stn,21.12902,79.08769,9,Clear,Ring Road,High,1,Low
1496,Ambazari,21.1175,79.00523,2,Clear,Junction,Low,2,Medium
1497,Beltarodi,21.07212,79.01703,6,Clear,Ring Road,Low,2,Low
1498,Koradi,21.26517,78.9865,1,Clear,Junction,High,4,High
1499,Butibori,20.9607,79.05054,23,Haze,Highway,Medium,1,High
1500,MIDC Hingna,21.09613,78.98936,11,Fog,Highway,Low,3,Medium
1501,Sitabuldi Junction,21.14872,79.10807,7,Clear,Ring Road,Medium,3,Low
1502,Wardha Road,21.10986,79.06206,2,Haze,Highway,Medium,7,High
1503,Hingna T Point,21.09906,78.96412,13,Rain,Junction,High,8,High
1504,Chatrapati Square,21.1328,79.09436,11,Fog,City Road,Low,3,Medium
1505,Ravi Nagar,21.15267,79.0579,16,Clear,Junction,Medium,4,Medium
1506,Dharampeth,21.12591,79.08639,21,Rain,City Road,High,5,High
1507,Civil Lines,21.14904,79.08567,20,Clear,Junction,High,2,High
1508,Trimurti Nagar,21.12745,79.04758,10,Clear,Junction,High,4,Medium
1509,Pratap Nagar,21.1234,79.06148,9,Cloudy,Highway,Medium,1,Medium
1510,Zero Mile,21.14333,79.07814,2,Fog,Highway,Medium,4,High
1511,Itwari,21.13979,79.10087,3,Fog,Flyover,Medium,4,High
1512,Sadar,21.15595,79.06388,3,Cloudy,Flyover,Medium,2,Medium
1513,Nandanvan,21.11542,79.11976,6,Rain,City Road,Low,3,Low
1514,Mankapur,21.1282,79.04966,5,Clear,Junction,Medium,3,Medium
1515,Nagpur Railway Stn,21.14904,79.07216,4,Fog,Urban,High,7,High
1516,Ambazari,21.12544,78.98009,10,Haze,Flyover,High,5,Medium
1517,Beltarodi,21.06931,79.04439,18,Clear,Ring Road,Medium,7,Medium
1518,Koradi,21.26397,78.98554,23,Fog,Urban,Medium,4,High
1519,Butibori,20.97738,79.03551,11,Cloudy,Ring Road,Medium,4,Low
1520,MIDC Hingna,21.10384,79.0043,3,Cloudy,Flyover,High,10,High
1521,Sitabuldi Junction,21.15652,79.08377,4,Haze,City Road,Medium,4,Medium
1522,Wardha Road,21.10803,79.05102,4,Haze,City Road,Low,3,Medium
1523,Hingna T Point,21.11227,78.97453,8,Rain,Junction,High,6,High
1524,Chatrapati Square,21.1397,79.09136,5,Cloudy,Junction,Medium,1,High
1525,Ravi Nagar,21.15032,79.04411,3,Fog,Ring Road,Medium,5,High
1526,Dharampeth,21.1107,79.06783,5,Clear,Highway,Low,6,Medium
1527,Civil Lines,21.15883,79.09427,4,Rain,Junction,Medium,2,High
1528,Trimurti Nagar,21.14231,79.0556,13,Clear,Urban,Medium,5,Low
1529,Pratap Nagar,21.11897,79.05254,21,Rain,Flyover,High,4,High
1530,Zero Mile,21.14344,79.07314,2,Rain,Highway,Low,5,High
1531,Itwari,21.15981,79.11265,21,Rain,Flyover,Medium,3,High
1532,Sadar,21.13942,79.06226,17,Fog,Urban,Low,1,Medium
1533,Nandanvan,21.13964,79.11277,20,Fog,Highway,Medium,7,High
1534,Mankapur,21.12981,79.03339,3,Clear,Junction,Low,7,Medium
1535,Nagpur Railway Stn,21.13813,79.08134,11,Clear,Junction,Low,3,Medium
1536,Ambazari,21.1444,79.00369,0,Rain,Junction,Medium,2,High
1537,Beltarodi,21.06902,79.04427,1,Clear,Highway,Medium,5,Medium
1538,Koradi,21.25214,78.98531,2,Rain,Flyover,Medium,1,High
1539,Butibori,20.9575,79.03683,23,Rain,Flyover,Medium,2,High
1540,MIDC Hingna,21.07437,78.99668,5,Clear,Junction,Medium,5,High
1541,Sitabuldi Junction,21.13608,79.08048,11,Cloudy,Junction,High,3,Medium
1542,Wardha Road,21.10913,79.04812,5,Clear,Junction,Medium,6,High
1543,Hingna T Point,21.11706,78.96253,1,Rain,City Road,Medium,8,High
1544,Chatrapati Square,21.10505,79.10524,5,Fog,Ring Road,Low,6,Medium
1545,Ravi Nagar,21.14548,79.05598,13,Cloudy,City Road,High,8,Low
1546,Dharampeth,21.12037,79.06237,12,Clear,City Road,Medium,4,Low
1547,Civil Lines,21.15158,79.10369,19,Cloudy,Junction,High,4,High
1548,Trimurti Nagar,21.13344,79.05856,3,Rain,Urban,Low,1,Medium
1549,Pratap Nagar,21.11658,79.05232,21,Fog,Flyover,Low,5,High
1550,Zero Mile,21.15491,79.07333,14,Clear,Highway,Medium,5,Medium
1551,Itwari,21.16786,79.08438,2,Rain,Highway,High,1,High
1552,Sadar,21.14526,79.09372,2,Clear,Urban,Medium,4,Medium
1553,Nandanvan,21.12873,79.12811,17,Haze,Highway,Low,7,Medium
1554,Mankapur,21.13529,79.02592,12,Cloudy,Urban,Medium,4,Low
1555,Nagpur Railway Stn,21.13391,79.09769,12,Clear,Junction,Medium,2,Medium
1556,Ambazari,21.13842,78.98884,6,Cloudy,Junction,Medium,4,Medium
1557,Beltarodi,21.08822,79.02254,3,Cloudy,Highway,High,3,High
1558,Koradi,21.23165,79.01919,10,Fog,Flyover,Medium,0,Medium
1559,Butibori,20.9634,79.05713,0,Rain,Highway,High,4,High
1560,MIDC Hingna,21.08402,79.01646,6,Fog,Junction,Low,3,Medium
1561,Sitabuldi Junction,21.1561,79.09429,18,Clear,City Road,Medium,5,Medium
1562,Wardha Road,21.09008,79.06349,6,Rain,Flyover,Medium,2,Medium
1563,Hingna T Point,21.10992,78.96756,12,Clear,Highway,Medium,4,Medium
1564,Chatrapati Square,21.12847,79.08627,2,Clear,Highway,High,3,High
1565,Ravi Nagar,21.1378,79.06499,20,Clear,City Road,High,3,Medium
1566,Dharampeth,21.13774,79.05179,14,Clear,Highway,Medium,4,Low
1567,Civil Lines,21.14957,79.07795,6,Rain,Junction,High,3,Medium
1568,Trimurti Nagar,21.14529,79.03367,18,Rain,City Road,Medium,8,Medium
1569,Pratap Nagar,21.11668,79.06572,0,Cloudy,Junction,High,4,High
1570,Zero Mile,21.13836,79.09403,19,Clear,Junction,Medium,5,Medium
1571,Itwari,21.17469,79.08235,16,Cloudy,Junction,High,9,Medium
1572,Sadar,21.16418,79.07442,2,Fog,City Road,Medium,5,Medium
1573,Nandanvan,21.14826,79.13934,20,Rain,Highway,High,2,High
1574,Mankapur,21.13003,79.02979,4,Clear,Highway,Medium,7,Medium
1575,Nagpur Railway Stn,21.14467,79.0952,6,Haze,City Road,Medium,3,Medium
1576,Ambazari,21.12097,78.97604,19,Fog,Ring Road,Low,1,Medium
1577,Beltarodi,21.07953,79.01126,16,Clear,Junction,High,5,Medium
1578,Koradi,21.25983,78.98827,17,Clear,Flyover,High,8,High
1579,Butibori,20.98273,79.06095,7,Cloudy,Junction,High,2,Medium
1580,MIDC Hingna,21.10323,78.99709,11,Haze,Highway,Medium,9,Medium
1581,Sitabuldi Junction,21.16168,79.10348,14,Clear,Flyover,Medium,3,Medium
1582,Wardha Road,21.08776,79.07594,21,Clear,Highway,Low,3,Medium
1583,Hingna T Point,21.10831,78.98894,13,Fog,City Road,Medium,1,Low
1584,Chatrapati Square,21.13979,79.10253,20,Rain,Ring Road,Low,10,High
1585,Ravi Nagar,21.15291,79.05653,7,Fog,Urban,Low,2,Low
1586,Dharampeth,21.1275,79.05092,20,Rain,Junction,Low,4,High
1587,Civil Lines,21.16822,79.07913,1,Clear,Urban,Medium,4,Medium
1588,Trimurti Nagar,21.14492,79.04969,6,Cloudy,Urban,Medium,4,Low
1589,Pratap Nagar,21.10487,79.04923,0,Rain,Urban,Medium,6,High
1590,Zero Mile,21.12966,79.07991,21,Clear,Urban,Medium,3,Medium
1591,Itwari,21.13797,79.10199,11,Rain,Urban,Medium,3,Medium
1592,Sadar,21.15747,79.06511,15,Fog,Junction,High,3,High
1593,Nandanvan,21.11753,79.1234,21,Clear,City Road,High,3,Medium
1594,Mankapur,21.13425,79.04807,21,Rain,Junction,Medium,2,High
1595,Nagpur Railway Stn,21.14596,79.07491,20,Clear,Highway,Low,1,Medium
1596,Ambazari,21.1204,78.98215,14,Fog,Highway,Low,5,Medium
1597,Beltarodi,21.08593,79.03108,4,Fog,Urban,High,2,High
1598,Koradi,21.23318,79.0104,4,Clear,Junction,Low,4,Medium
1599,Butibori,20.95417,79.06586,7,Fog,Urban,Low,4,Low
1600,MIDC Hingna,21.09033,79.00064,0,Clear,Junction,High,0,High
1601,Sitabuldi Junction,21.13478,79.10613,3,Fog,Ring Road,Medium,3,Medium
1602,Wardha Road,21.09964,79.05088,4,Haze,Highway,High,5,High
1603,Hingna T Point,21.10021,78.9612,17,Haze,Junction,Medium,3,High
1604,Chatrapati Square,21.13687,79.09458,3,Fog,City Road,Low,4,Medium
1605,Ravi Nagar,21.14504,79.03647,6,Haze,Junction,Low,7,Medium
1606,Dharampeth,21.12631,79.08085,2,Cloudy,Junction,Medium,4,High
1607,Civil Lines,21.15203,79.08035,11,Rain,Highway,Medium,2,Medium
1608,Trimurti Nagar,21.12808,79.05955,7,Cloudy,City Road,Medium,3,Low
1609,Pratap Nagar,21.12005,79.0442,13,Clear,Ring Road,High,5,Low
1610,Zero Mile,21.16547,79.08732,18,Rain,City Road,Low,5,Medium
1611,Itwari,21.14188,79.10818,14,Rain,City Road,High,5,Medium
1612,Sadar,21.14564,79.06405,8,Rain,City Road,Low,2,Low
1613,Nandanvan,21.12538,79.11615,17,Clear,Urban,Medium,6,Medium
1614,Mankapur,21.12735,79.05918,19,Haze,Urban,High,6,Medium
1615,Nagpur Railway Stn,21.16403,79.10442,10,Clear,City Road,Low,1,Low
1616,Ambazari,21.1423,78.98741,6,Rain,Urban,Low,5,Low
1617,Beltarodi,21.06447,79.01745,12,Clear,Ring Road,High,4,Low
1618,Koradi,21.26393,79.01804,1,Haze,Junction,High,7,High
1619,Butibori,20.95152,79.03604,19,Cloudy,Junction,High,5,High
1620,MIDC Hingna,21.10007,79.00622,8,Rain,Ring Road,Low,3,Low
1621,Sitabuldi Junction,21.13725,79.10348,15,Clear,Ring Road,Low,4,Low
1622,Wardha Road,21.08998,79.06901,6,Clear,City Road,Medium,7,Low
1623,Hingna T Point,21.10181,78.9688,12,Rain,City Road,Medium,7,Medium
1624,Chatrapati Square,21.10947,79.11291,13,Rain,Ring Road,Low,6,Medium
1625,Ravi Nagar,21.13437,79.06884,20,Rain,Junction,Low,6,High
1626,Dharampeth,21.11859,79.07362,12,Clear,City Road,High,3,Medium
1627,Civil Lines,21.15527,79.10008,3,Cloudy,Junction,High,4,High
1628,Trimurti Nagar,21.12656,79.0577,3,Clear,Highway,High,2,High
1629,Pratap Nagar,21.12828,79.03219,3,Rain,Junction,Medium,3,High
1630,Zero Mile,21.15061,79.10744,17,Cloudy,Flyover,Medium,5,Medium
1631,Itwari,21.14491,79.11625,11,Clear,Junction,Medium,4,Medium
1632,Sadar,21.13405,79.0672,9,Cloudy,Highway,Low,0,Low
1633,Nandanvan,21.11032,79.11773,3,Rain,Highway,High,5,High
1634,Mankapur,21.13493,79.02683,9,Rain,City Road,High,4,Medium
1635,Nagpur Railway Stn,21.14126,79.08993,22,Rain,City Road,Low,4,Medium
1636,Ambazari,21.13368,78.99399,0,Clear,Highway,Medium,5,Medium
1637,Beltarodi,21.08204,79.03914,3,Cloudy,Urban,High,5,Medium
1638,Koradi,21.26887,78.98715,16,Clear,Flyover,Medium,4,Low
1639,Butibori,20.9674,79.05526,7,Clear,Ring Road,High,6,Low
1640,MIDC Hingna,21.08241,78.99737,14,Haze,Flyover,Medium,3,Medium
1641,Sitabuldi Junction,21.16161,79.09561,1,Fog,Urban,High,0,High
1642,Wardha Road,21.07156,79.07949,19,Fog,Junction,Low,5,Medium
1643,Hingna T Point,21.09681,78.99542,15,Rain,City Road,High,4,Medium
1644,Chatrapati Square,21.13031,79.08862,10,Rain,Junction,High,4,Medium
1645,Ravi Nagar,21.15379,79.06947,14,Fog,Flyover,High,2,High
1646,Dharampeth,21.12392,79.05903,17,Haze,Flyover,Medium,3,Medium
1647,Civil Lines,21.14207,79.10087,23,Clear,Junction,Low,4,Medium
1648,Trimurti Nagar,21.14684,79.05601,4,Clear,Highway,Medium,5,Medium
1649,Pratap Nagar,21.13287,79.04397,15,Clear,Urban,High,2,Low
1650,Zero Mile,21.13779,79.07496,7,Clear,City Road,Low,6,Low
1651,Itwari,21.14194,79.11628,15,Rain,Urban,Medium,5,Medium
1652,Sadar,21.15795,79.071,22,Fog,Ring Road,Low,4,Medium
1653,Nandanvan,21.11963,79.12273,11,Rain,Highway,Low,6,Medium
1654,Mankapur,21.10013,79.02187,13,Clear,Junction,Medium,2,Medium
1655,Nagpur Railway Stn,21.14231,79.09842,1,Clear,Ring Road,High,3,Medium
1656,Ambazari,21.13042,78.99669,3,Clear,Junction,Low,5,Medium
1657,Beltarodi,21.0683,79.04958,18,Clear,Urban,Medium,5,Low
1658,Koradi,21.26858,78.9869,12,Rain,City Road,Medium,6,Medium
1659,Butibori,20.97377,79.04004,13,Rain,Urban,High,3,Medium
1660,MIDC Hingna,21.0721,79.00317,16,Rain,Highway,Medium,8,Medium
1661,Sitabuldi Junction,21.12596,79.08788,13,Rain,Highway,Medium,4,Medium
1662,Wardha Road,21.09356,79.06743,20,Clear,Ring Road,Medium,4,Medium
1663,Hingna T Point,21.09801,78.99101,9,Fog,City Road,Medium,3,Medium
1664,Chatrapati Square,21.11995,79.09898,0,Rain,City Road,Low,7,Medium
1665,Ravi Nagar,21.12497,79.06206,8,Rain,Highway,High,1,Medium
1666,Dharampeth,21.12299,79.08728,22,Cloudy,Ring Road,Medium,7,Medium
1667,Civil Lines,21.15701,79.09691,12,Clear,Flyover,High,3,Medium
1668,Trimurti Nagar,21.12784,79.0284,2,Rain,Urban,High,2,Medium
1669,Pratap Nagar,21.11816,79.05609,5,Cloudy,City Road,Low,1,Low
1670,Zero Mile,21.15101,79.0958,11,Fog,Urban,High,6,Medium
1671,Itwari,21.1758,79.10976,14,Cloudy,City Road,Low,1,Low
1672,Sadar,21.16636,79.06319,2,Clear,City Road,High,3,Medium
1673,Nandanvan,21.13055,79.10579,13,Clear,Flyover,High,3,Medium
1674,Mankapur,21.12839,79.03451,6,Clear,Junction,Medium,5,Medium
1675,Nagpur Railway Stn,21.16132,79.08109,16,Clear,City Road,Medium,3,Low
1676,Ambazari,21.11311,78.97298,4,Haze,Highway,High,6,High
1677,Beltarodi,21.06762,79.03809,19,Haze,Highway,Low,3,Medium
1678,Koradi,21.25758,79.01612,8,Fog,Junction,High,5,High
1679,Butibori,20.95675,79.04686,20,Haze,City Road,Low,3,Medium
1680,MIDC Hingna,21.10582,78.99703,3,Clear,Junction,Low,5,High
1681,Sitabuldi Junction,21.13269,79.0974,5,Clear,Ring Road,Medium,5,Medium
1682,Wardha Road,21.08568,79.04279,3,Cloudy,Junction,Low,6,Medium
1683,Hingna T Point,21.11828,78.99455,23,Cloudy,Flyover,Low,1,Medium
1684,Chatrapati Square,21.1126,79.09769,18,Clear,City Road,Low,3,Low
1685,Ravi Nagar,21.14338,79.04657,8,Clear,Flyover,Medium,2,Medium
1686,Dharampeth,21.13839,79.05301,0,Cloudy,Highway,Low,12,Medium
1687,Civil Lines,21.16397,79.08473,14,Cloudy,Ring Road,Medium,5,Low
1688,Trimurti Nagar,21.12563,79.03959,22,Clear,Junction,Medium,6,High
1689,Pratap Nagar,21.12005,79.03725,9,Rain,Urban,High,7,Medium
1690,Zero Mile,21.12932,79.08189,3,Fog,City Road,High,6,High
1691,Itwari,21.17402,79.10203,19,Rain,Ring Road,Low,8,Medium
1692,Sadar,21.13944,79.08105,3,Clear,Urban,Medium,6,Medium
1693,Nandanvan,21.13782,79.12851,1,Fog,Junction,Medium,2,High
1694,Mankapur,21.13387,79.05955,15,Fog,Ring Road,Medium,5,Medium
1695,Nagpur Railway Stn,21.14768,79.08246,14,Rain,Ring Road,Low,2,Low
1696,Ambazari,21.13474,78.97092,4,Haze,Ring Road,Medium,2,Medium
1697,Beltarodi,21.08605,79.03545,22,Rain,Junction,Medium,4,High
1698,Koradi,21.23963,78.99382,23,Clear,Urban,Medium,3,Medium
1699,Butibori,20.97612,79.03742,11,Cloudy,Highway,Low,3,Low
1700,MIDC Hingna,21.07473,79.01509,21,Rain,Ring Road,High,4,High
1701,Sitabuldi Junction,21.13066,79.06834,12,Haze,Highway,Low,3,Medium
1702,Wardha Road,21.10358,79.07463,21,Cloudy,Highway,Medium,4,Medium
1703,Hingna T Point,21.10646,78.96666,8,Haze,City Road,High,3,Medium
1704,Chatrapati Square,21.13096,79.10465,9,Clear,Flyover,Low,5,Low
1705,Ravi Nagar,21.11595,79.05581,8,Clear,Flyover,High,6,Medium
1706,Dharampeth,21.11545,79.06427,8,Cloudy,Flyover,Medium,7,Medium
1707,Civil Lines,21.15582,79.08936,21,Cloudy,Urban,Low,6,Medium
1708,Trimurti Nagar,21.13862,79.06053,22,Fog,Urban,Medium,0,Medium
1709,Pratap Nagar,21.1104,79.03651,11,Rain,Ring Road,High,2,Medium
1710,Zero Mile,21.13676,79.10257,17,Clear,Ring Road,High,2,Medium
1711,Itwari,21.1528,79.08566,22,Cloudy,Highway,Low,4,Medium
1712,Sadar,21.14909,79.07195,0,Clear,Junction,Medium,3,High
1713,Nandanvan,21.11146,79.11745,11,Clear,Highway,Medium,5,Medium
1714,Mankapur,21.12826,79.03668,14,Rain,Flyover,Medium,7,Medium
1715,Nagpur Railway Stn,21.14322,79.08279,21,Fog,Junction,High,3,High
1716,Ambazari,21.10918,78.9696,17,Rain,City Road,High,2,Medium
1717,Beltarodi,21.07682,79.01871,4,Rain,City Road,High,4,High
1718,Koradi,21.24013,79.01676,0,Clear,Junction,High,3,High
1719,Butibori,20.98919,79.03474,8,Fog,Junction,Medium,3,Medium
1720,MIDC Hingna,21.10713,78.98952,4,Clear,City Road,Medium,1,Medium
1721,Sitabuldi Junction,21.15929,79.08092,3,Rain,Flyover,Medium,4,High
1722,Wardha Road,21.09648,79.0581,15,Clear,Urban,High,6,Medium
1723,Hingna T Point,21.08741,78.96825,5,Clear,Highway,Medium,2,Medium
1724,Chatrapati Square,21.10735,79.11493,8,Clear,City Road,Medium,7,Low
1725,Ravi Nagar,21.11784,79.04834,6,Cloudy,Junction,High,6,Medium
1726,Dharampeth,21.13318,79.08263,17,Fog,Flyover,Low,2,Medium
1727,Civil Lines,21.14613,79.10455,18,Clear,Urban,Medium,4,Medium
1728,Trimurti Nagar,21.15348,79.03447,22,Clear,Junction,Medium,6,High
1729,Pratap Nagar,21.1304,79.04581,2,Rain,Ring Road,Medium,6,High
1730,Zero Mile,21.15359,79.1043,16,Clear,City Road,High,4,Low
1731,Itwari,21.16362,79.09577,14,Haze,Ring Road,High,5,Medium
1732,Sadar,21.15458,79.09402,17,Haze,Flyover,High,3,High
1733,Nandanvan,21.11537,79.11565,9,Fog,Urban,Medium,6,Medium
1734,Mankapur,21.11661,79.05062,11,Clear,City Road,High,3,Low
1735,Nagpur Railway Stn,21.13585,79.07172,6,Clear,Junction,Medium,5,Medium
1736,Ambazari,21.12244,78.99306,8,Rain,Junction,Medium,6,Medium
1737,Beltarodi,21.07669,79.04826,9,Fog,City Road,Low,3,Low
1738,Koradi,21.25653,79.01923,4,Rain,City Road,Medium,8,High
1739,Butibori,20.95781,79.03136,2,Clear,Highway,High,2,High
1740,MIDC Hingna,21.0862,79.01218,2,Rain,Highway,Medium,3,High
1741,Sitabuldi Junction,21.14701,79.08996,9,Fog,Ring Road,Low,1,Low
1742,Wardha Road,21.07147,79.05042,9,Rain,Ring Road,Medium,4,Medium
1743,Hingna T Point,21.08081,78.98171,13,Clear,Urban,High,5,Low
1744,Chatrapati Square,21.11929,79.10518,0,Fog,City Road,Low,5,Medium
1745,Ravi Nagar,21.12229,79.05611,2,Clear,Ring Road,High,4,Medium
1746,Dharampeth,21.13022,79.08094,6,Clear,City Road,Low,5,Low
1747,Civil Lines,21.13213,79.07628,22,Cloudy,Junction,High,7,High
1748,Trimurti Nagar,21.12506,79.04292,12,Clear,City Road,Medium,3,Low
1749,Pratap Nagar,21.11976,79.0441,7,Clear,Urban,Medium,4,Low
1750,Zero Mile,21.15054,79.08127,17,Cloudy,Highway,High,1,Medium
1751,Itwari,21.17768,79.11937,1,Clear,Highway,Medium,3,Medium
1752,Sadar,21.16757,79.07853,3,Haze,Junction,Low,7,High
1753,Nandanvan,21.11892,79.11131,17,Clear,Urban,High,5,Medium
1754,Mankapur,21.13047,79.04006,3,Rain,Junction,Medium,5,High
1755,Nagpur Railway Stn,21.15866,79.1005,19,Rain,Ring Road,Low,3,Medium
1756,Ambazari,21.13479,79.00901,15,Cloudy,Junction,Medium,6,Medium
1757,Beltarodi,21.05048,79.02329,22,Clear,Junction,High,5,High
1758,Koradi,21.2342,78.99438,3,Rain,Junction,Low,5,High
1759,Butibori,20.95286,79.03348,16,Clear,Ring Road,High,8,Medium
1760,MIDC Hingna,21.07353,79.01882,23,Clear,Urban,Low,2,Medium
1761,Sitabuldi Junction,21.12988,79.1042,14,Rain,Ring Road,Medium,7,Medium
1762,Wardha Road,21.07038,79.05323,9,Fog,Highway,Low,2,Medium
1763,Hingna T Point,21.08604,78.99294,19,Rain,Urban,Medium,2,Medium
1764,Chatrapati Square,21.13657,79.08165,10,Rain,Flyover,Medium,4,Medium
1765,Ravi Nagar,21.14241,79.03997,6,Clear,Junction,Medium,3,Medium
1766,Dharampeth,21.1207,79.07724,5,Haze,Junction,Low,5,High
1767,Civil Lines,21.15514,79.10445,3,Clear,Junction,Low,3,Medium
1768,Trimurti Nagar,21.12723,79.06473,7,Rain,Highway,Low,2,Medium
1769,Pratap Nagar,21.11894,79.05521,5,Rain,City Road,Medium,6,Medium
1770,Zero Mile,21.16161,79.07318,19,Haze,Highway,High,1,Medium
1771,Itwari,21.13869,79.11753,3,Cloudy,City Road,Low,6,Medium
1772,Sadar,21.1616,79.0636,14,Fog,Urban,Low,3,Low
1773,Nandanvan,21.13087,79.10647,1,Fog,Urban,Low,2,Medium
1774,Mankapur,21.10603,79.03692,4,Haze,Junction,Medium,1,High
1775,Nagpur Railway Stn,21.16384,79.06555,20,Clear,City Road,Medium,6,Medium
1776,Ambazari,21.10797,78.97563,0,Clear,Highway,Medium,5,Medium
1777,Beltarodi,21.07801,79.04987,0,Fog,Urban,Medium,7,High
1778,Koradi,21.24967,78.99296,21,Rain,City Road,Low,3,Medium
1779,Butibori,20.96649,79.04229,1,Rain,Ring Road,Medium,3,Medium
1780,MIDC Hingna,21.10895,79.00972,8,Fog,City Road,High,7,Medium
1781,Sitabuldi Junction,21.14918,79.07673,20,Cloudy,Junction,High,3,High
1782,Wardha Road,21.08499,79.07734,8,Clear,Highway,High,3,Medium
1783,Hingna T Point,21.08378,78.98961,13,Clear,Urban,High,8,Low
1784,Chatrapati Square,21.13159,79.09363,6,Cloudy,Flyover,Medium,4,Medium
1785,Ravi Nagar,21.1249,79.03869,18,Rain,Ring Road,High,2,Medium
1786,Dharampeth,21.11568,79.08007,2,Clear,Urban,High,5,Medium
1787,Civil Lines,21.1403,79.07333,18,Haze,City Road,Medium,4,Medium
1788,Trimurti Nagar,21.13749,79.04149,1,Clear,Junction,Medium,5,High
1789,Pratap Nagar,21.12758,79.06477,12,Clear,Junction,High,3,Medium
1790,Zero Mile,21.15766,79.10411,19,Clear,Junction,Low,3,Medium
1791,Itwari,21.17043,79.09697,1,Cloudy,Urban,High,6,High
1792,Sadar,21.15225,79.06765,8,Fog,Ring Road,Medium,3,Medium
1793,Nandanvan,21.14751,79.10847,17,Clear,City Road,Low,8,Low
1794,Mankapur,21.11376,79.03161,22,Clear,Urban,Medium,3,Medium
1795,Nagpur Railway Stn,21.14257,79.0995,9,Cloudy,Urban,High,1,Low
1796,Ambazari,21.12901,78.99138,18,Rain,City Road,Low,5,Medium
1797,Beltarodi,21.07125,79.03922,12,Clear,City Road,Low,5,Low
1798,Koradi,21.25288,79.01211,0,Haze,Urban,High,5,High
1799,Butibori,20.95641,79.06114,16,Clear,Highway,Low,4,Medium
1800,MIDC Hingna,21.09306,79.01587,14,Clear,Flyover,Low,11,Medium
1801,Sitabuldi Junction,21.12709,79.07355,0,Rain,Highway,High,5,High
1802,Wardha Road,21.10398,79.04852,16,Rain,Junction,High,5,High
1803,Hingna T Point,21.08349,78.98871,11,Rain,Junction,Low,5,Medium
1804,Chatrapati Square,21.11762,79.1107,10,Haze,Flyover,Low,7,Medium
1805,Ravi Nagar,21.12967,79.06548,20,Rain,Highway,Low,4,High
1806,Dharampeth,21.11493,79.08452,10,Cloudy,Junction,Medium,3,Medium
1807,Civil Lines,21.15668,79.09693,20,Haze,Junction,High,2,High
1808,Trimurti Nagar,21.14852,79.06078,15,Rain,City Road,Medium,6,Medium
1809,Pratap Nagar,21.10701,79.06985,3,Cloudy,Flyover,Medium,8,High
1810,Zero Mile,21.12697,79.09368,15,Clear,Junction,Medium,4,Medium
1811,Itwari,21.16947,79.08861,2,Haze,Highway,Medium,8,High
1812,Sadar,21.13226,79.0948,18,Fog,Junction,Medium,10,High
1813,Nandanvan,21.11063,79.11908,1,Cloudy,Highway,Medium,5,Medium
1814,Mankapur,21.12511,79.05241,7,Clear,Urban,Medium,4,Low
1815,Nagpur Railway Stn,21.16471,79.08889,23,Fog,Urban,Low,1,Medium
1816,Ambazari,21.1097,78.99613,16,Rain,Junction,High,3,High
1817,Beltarodi,21.07207,79.02122,11,Rain,Highway,High,4,Medium
1818,Koradi,21.25217,78.99405,17,Cloudy,Ring Road,Medium,4,Medium
1819,Butibori,20.95935,79.06851,0,Clear,City Road,High,4,Medium
1820,MIDC Hingna,21.10021,78.98074,14,Fog,Junction,High,5,High
1821,Sitabuldi Junction,21.13724,79.08793,21,Clear,Ring Road,High,8,Medium
1822,Wardha Road,21.10902,79.07065,8,Clear,Urban,Medium,6,Low
1823,Hingna T Point,21.09171,78.99936,2,Rain,Ring Road,Medium,4,High
1824,Chatrapati Square,21.10847,79.1121,3,Fog,Urban,Low,5,Medium
1825,Ravi Nagar,21.15442,79.06331,4,Clear,Highway,High,7,Medium
1826,Dharampeth,21.13813,79.06009,11,Fog,Junction,Medium,6,Medium
1827,Civil Lines,21.16908,79.09308,19,Rain,City Road,High,3,Medium
1828,Trimurti Nagar,21.15754,79.04202,0,Clear,Junction,High,5,High
1829,Pratap Nagar,21.09755,79.04384,11,Clear,Highway,Low,6,Low
1830,Zero Mile,21.16619,79.09872,18,Rain,Urban,High,3,Medium
1831,Itwari,21.14894,79.0916,2,Clear,Urban,Medium,5,Medium
1832,Sadar,21.15928,79.08188,20,Rain,Junction,Low,4,High
1833,Nandanvan,21.12037,79.12794,12,Clear,Junction,Medium,4,Medium
1834,Mankapur,21.1213,79.0427,19,Rain,Junction,Medium,4,Medium
1835,Nagpur Railway Stn,21.14021,79.0955,11,Rain,Junction,Medium,4,High
1836,Ambazari,21.14081,78.98713,20,Clear,Junction,Low,2,Medium
1837,Beltarodi,21.05186,79.03043,9,Haze,Junction,Low,4,Medium
1838,Koradi,21.25876,78.99167,17,Haze,Urban,Medium,3,Medium
1839,Butibori,20.98682,79.04337,9,Clear,Junction,High,2,Medium
1840,MIDC Hingna,21.07,79.01727,4,Clear,Urban,High,4,Medium
1841,Sitabuldi Junction,21.15332,79.09342,17,Rain,Ring Road,Medium,2,Medium
1842,Wardha Road,21.10668,79.06733,13,Fog,Ring Road,Low,6,Medium
1843,Hingna T Point,21.09763,78.99377,0,Fog,Junction,Low,2,High
1844,Chatrapati Square,21.11707,79.08902,13,Rain,City Road,Medium,7,Medium
1845,Ravi Nagar,21.15272,79.0531,2,Cloudy,Junction,Medium,4,High
1846,Dharampeth,21.12498,79.07262,18,Haze,City Road,High,3,Medium
1847,Civil Lines,21.14092,79.09857,15,Cloudy,City Road,Medium,6,Low
1848,Trimurti Nagar,21.15401,79.05342,3,Rain,Urban,High,5,High
1849,Pratap Nagar,21.1026,79.06077,22,Haze,Junction,High,5,High
1850,Zero Mile,21.15776,79.10178,9,Haze,Highway,Medium,5,Medium
1851,Itwari,21.15438,79.09905,15,Clear,Highway,High,1,Medium
1852,Sadar,21.13678,79.07445,18,Fog,Ring Road,Low,2,Medium
1853,Nandanvan,21.12252,79.10135,12,Haze,City Road,Medium,6,Medium
1854,Mankapur,21.12613,79.02686,15,Clear,Urban,Low,2,Low
1855,Nagpur Railway Stn,21.1352,79.10349,4,Haze,Highway,High,7,High
1856,Ambazari,21.14105,78.9857,3,Rain,Highway,Low,3,High
1857,Beltarodi,21.07225,79.02104,22,Clear,Urban,High,3,Medium
1858,Koradi,21.25792,78.99583,3,Fog,Urban,High,5,High
1859,Butibori,20.97821,79.0494,6,Clear,Junction,Medium,5,Medium
1860,MIDC Hingna,21.10175,78.99743,20,Haze,Highway,High,7,High
1861,Sitabuldi Junction,21.14144,79.07934,23,Clear,Highway,Low,4,Medium
1862,Wardha Road,21.07787,79.06823,21,Rain,Urban,Medium,5,High
1863,Hingna T Point,21.08732,78.99578,4,Clear,Urban,Low,6,Low
1864,Chatrapati Square,21.13693,79.10371,14,Clear,Junction,Low,6,Low
1865,Ravi Nagar,21.11928,79.06551,19,Cloudy,Flyover,Low,3,Medium
1866,Dharampeth,21.1476,79.07181,11,Rain,Junction,Low,5,Medium
1867,Civil Lines,21.15471,79.09753,23,Fog,Highway,High,6,High
1868,Trimurti Nagar,21.12961,79.03437,19,Fog,Flyover,Medium,3,High
1869,Pratap Nagar,21.12713,79.04777,11,Fog,City Road,Low,4,Low
1870,Zero Mile,21.15509,79.085,15,Fog,Highway,Medium,3,Medium
1871,Itwari,21.16755,79.11452,12,Clear,Highway,Low,3,Low
1872,Sadar,21.1487,79.08755,5,Cloudy,Junction,Medium,8,High
1873,Nandanvan,21.13474,79.10274,21,Clear,Ring Road,Low,3,Medium
1874,Mankapur,21.13536,79.04175,21,Clear,Ring Road,Medium,7,Medium
1875,Nagpur Railway Stn,21.15016,79.09465,8,Clear,Highway,Low,5,Low
1876,Ambazari,21.14545,78.99428,16,Rain,City Road,Low,3,Low
1877,Beltarodi,21.08869,79.01058,5,Clear,Flyover,High,2,High
1878,Koradi,21.26759,79.00576,0,Clear,Flyover,Medium,6,High
1879,Butibori,20.97351,79.03808,20,Rain,Urban,Medium,6,High
1880,MIDC Hingna,21.07702,79.00785,17,Clear,Flyover,Medium,4,Medium
1881,Sitabuldi Junction,21.1369,79.09408,15,Clear,Urban,Low,5,Low
1882,Wardha Road,21.07914,79.05723,19,Haze,Junction,High,8,High
1883,Hingna T Point,21.11021,78.98621,18,Rain,Junction,Medium,6,High
1884,Chatrapati Square,21.1104,79.1104,11,Fog,Highway,High,5,High
1885,Ravi Nagar,21.12891,79.06643,4,Fog,Urban,High,3,High
1886,Dharampeth,21.11618,79.05762,14,Rain,Junction,High,3,High
1887,Civil Lines,21.15024,79.09909,0,Fog,Urban,Low,8,Medium
1888,Trimurti Nagar,21.14666,79.06032,16,Cloudy,Urban,Low,4,Low
1889,Pratap Nagar,21.13437,79.05369,2,Fog,Junction,Medium,8,High
1890,Zero Mile,21.15727,79.09013,4,Clear,Highway,Medium,5,Medium
1891,Itwari,21.16523,79.08559,13,Rain,Urban,Low,4,Medium
1892,Sadar,21.15045,79.08974,17,Fog,City Road,Medium,8,Medium
1893,Nandanvan,21.11735,79.10916,9,Fog,City Road,Medium,6,Medium
1894,Mankapur,21.11256,79.02474,0,Clear,Flyover,High,5,High
1895,Nagpur Railway Stn,21.16535,79.07111,16,Fog,Highway,Medium,9,Medium
1896,Ambazari,21.12027,79.0081,15,Clear,City Road,High,7,Low
1897,Beltarodi,21.08424,79.04015,2,Fog,City Road,Low,5,Medium
1898,Koradi,21.2672,78.99586,6,Haze,City Road,Low,8,Low
1899,Butibori,20.97009,79.05824,8,Clear,Highway,Medium,5,Medium
1900,MIDC Hingna,21.1058,79.0192,23,Clear,Urban,Low,3,Medium
1901,Sitabuldi Junction,21.13204,79.08671,11,Clear,Urban,High,2,Low
1902,Wardha Road,21.07274,79.05665,22,Clear,City Road,Medium,7,Medium
1903,Hingna T Point,21.11807,78.97333,8,Clear,Flyover,High,4,Medium
1904,Chatrapati Square,21.10143,79.09506,22,Clear,Flyover,Medium,8,High
1905,Ravi Nagar,21.13235,79.04797,21,Clear,Urban,High,5,Medium
1906,Dharampeth,21.12789,79.05383,0,Clear,Junction,Medium,4,Medium
1907,Civil Lines,21.13951,79.10239,10,Cloudy,City Road,High,5,Low
1908,Trimurti Nagar,21.15259,79.05175,4,Rain,Urban,Medium,3,Medium
1909,Pratap Nagar,21.09672,79.03962,0,Haze,City Road,High,5,High
1910,Zero Mile,21.13247,79.08646,9,Clear,Junction,Medium,3,Medium
1911,Itwari,21.1688,79.10727,9,Rain,City Road,High,1,Medium
1912,Sadar,21.13178,79.08736,12,Rain,Junction,Low,2,Medium
1913,Nandanvan,21.13399,79.13738,22,Fog,Highway,Medium,5,High
1914,Mankapur,21.10498,79.04615,5,Rain,Flyover,High,5,High
1915,Nagpur Railway Stn,21.16413,79.10477,6,Fog,Ring Road,High,0,Medium
1916,Ambazari,21.12269,78.98279,17,Haze,Ring Road,Low,4,Low
1917,Beltarodi,21.06123,79.0346,3,Fog,Ring Road,Medium,2,High
1918,Koradi,21.26504,79.01756,9,Clear,Highway,Medium,5,Low
1919,Butibori,20.95984,79.03905,17,Rain,Highway,High,4,High
1920,MIDC Hingna,21.10459,78.98999,0,Clear,Highway,Low,5,Medium
1921,Sitabuldi Junction,21.13344,79.08439,10,Clear,Highway,High,3,Medium
1922,Wardha Road,21.0919,79.0736,19,Clear,City Road,Low,5,Low
1923,Hingna T Point,21.08506,78.98687,6,Haze,Junction,Low,2,Medium
1924,Chatrapati Square,21.10899,79.09995,4,Cloudy,Flyover,Low,3,Medium
1925,Ravi Nagar,21.14663,79.04137,21,Clear,City Road,High,3,Medium
1926,Dharampeth,21.11519,79.05799,1,Cloudy,Junction,High,0,High
1927,Civil Lines,21.14288,79.07086,18,Clear,Junction,Medium,3,Medium
1928,Trimurti Nagar,21.13686,79.05295,21,Clear,Highway,Medium,4,Medium
1929,Pratap Nagar,21.11442,79.06396,22,Clear,Flyover,Medium,4,Medium
1930,Zero Mile,21.13201,79.08945,10,Rain,Junction,Low,4,Medium
1931,Itwari,21.16344,79.11835,15,Haze,Junction,High,2,Medium
1932,Sadar,21.14465,79.07778,5,Cloudy,City Road,Medium,4,Medium
1933,Nandanvan,21.13138,79.11993,21,Clear,Urban,Medium,2,Medium
1934,Mankapur,21.13474,79.02384,1,Clear,Flyover,High,2,High
1935,Nagpur Railway Stn,21.15433,79.09075,12,Fog,Highway,Low,4,Medium
1936,Ambazari,21.14336,78.97986,23,Clear,Highway,Low,3,Medium
1937,Beltarodi,21.06043,79.02573,22,Cloudy,Highway,Low,4,Medium
1938,Koradi,21.2458,78.98992,19,Rain,Junction,Medium,2,High
1939,Butibori,20.98778,79.04574,20,Clear,Urban,Medium,2,Medium
1940,MIDC Hingna,21.09963,79.01114,5,Cloudy,Urban,High,6,Medium
1941,Sitabuldi Junction,21.15824,79.09487,4,Haze,Urban,High,5,High
1942,Wardha Road,21.08596,79.049,2,Clear,City Road,High,2,Medium
1943,Hingna T Point,21.08774,78.96323,7,Rain,Highway,Low,2,Medium
1944,Chatrapati Square,21.12649,79.09198,10,Clear,City Road,Medium,4,Low
1945,Ravi Nagar,21.14069,79.05876,19,Haze,Junction,Low,3,Medium
1946,Dharampeth,21.14789,79.08807,16,Clear,Ring Road,High,3,Low
1947,Civil Lines,21.13495,79.10018,4,Haze,Urban,High,5,High
1948,Trimurti Nagar,21.14393,79.04648,10,Haze,Highway,Low,2,Medium
1949,Pratap Nagar,21.10029,79.03491,10,Clear,Junction,Low,3,Medium
1950,Zero Mile,21.14942,79.07253,14,Fog,City Road,Medium,4,Medium
1951,Itwari,21.15311,79.08164,13,Fog,Urban,Medium,2,Medium
1952,Sadar,21.13252,79.08998,23,Clear,Highway,Medium,6,High
1953,Nandanvan,21.1212,79.12171,6,Clear,Urban,Medium,2,Low
1954,Mankapur,21.13282,79.04173,19,Clear,Flyover,Medium,8,Medium
1955,Nagpur Railway Stn,21.15157,79.07118,20,Rain,Highway,Medium,5,High
1956,Ambazari,21.13947,79.00917,2,Clear,Flyover,Low,0,Medium
1957,Beltarodi,21.05087,79.04975,22,Clear,Junction,High,3,High
1958,Koradi,21.24573,79.0127,1,Rain,Highway,Medium,2,High
1959,Butibori,20.95953,79.06079,23,Rain,Ring Road,High,2,High
1960,MIDC Hingna,21.08952,78.99913,7,Haze,Highway,High,6,Medium
1961,Sitabuldi Junction,21.15996,79.10654,0,Rain,Junction,Medium,4,High
1962,Wardha Road,21.10362,79.0736,2,Haze,City Road,High,2,High
1963,Hingna T Point,21.09303,78.96258,7,Rain,Junction,Low,4,Medium
1964,Chatrapati Square,21.13315,79.10585,18,Clear,Ring Road,High,2,Medium
1965,Ravi Nagar,21.14772,79.04481,17,Cloudy,Junction,Low,1,Medium
1966,Dharampeth,21.1153,79.07132,5,Clear,City Road,High,1,Medium
1967,Civil Lines,21.1634,79.06623,8,Rain,Flyover,Low,6,Medium
1968,Trimurti Nagar,21.1499,79.03008,11,Cloudy,Ring Road,High,7,Low
1969,Pratap Nagar,21.10968,79.03378,12,Clear,Urban,Medium,6,Low
1970,Zero Mile,21.14718,79.09339,0,Clear,Ring Road,High,6,Medium
1971,Itwari,21.17765,79.08138,3,Rain,City Road,Medium,2,Medium
1972,Sadar,21.14633,79.06404,21,Clear,Ring Road,Medium,5,Medium
1973,Nandanvan,21.14949,79.13414,21,Clear,Highway,Low,3,Medium
1974,Mankapur,21.13752,79.03138,10,Cloudy,Flyover,High,4,Medium
1975,Nagpur Railway Stn,21.1294,79.08481,11,Rain,Ring Road,High,4,Medium
1976,Ambazari,21.13845,78.99113,0,Haze,City Road,Medium,3,Medium
1977,Beltarodi,21.075,79.03869,16,Clear,Junction,Medium,4,Medium
1978,Koradi,21.26565,78.98819,22,Clear,Junction,Medium,4,High
1979,Butibori,20.98732,79.0683,12,Rain,Ring Road,Medium,4,Medium
1980,MIDC Hingna,21.08812,78.98088,12,Haze,Highway,High,3,Medium
1981,Sitabuldi Junction,21.15752,79.08454,7,Cloudy,Junction,Medium,7,Medium
1982,Wardha Road,21.1082,79.05074,0,Clear,Flyover,Medium,6,High
1983,Hingna T Point,21.08892,78.97106,1,Fog,Ring Road,Medium,4,Medium
1984,Chatrapati Square,21.13939,79.07897,10,Rain,Highway,Medium,5,Medium
1985,Ravi Nagar,21.15474,79.05454,8,Cloudy,Junction,High,5,Medium
1986,Dharampeth,21.13036,79.0549,10,Haze,Ring Road,Medium,2,Low
1987,Civil Lines,21.16783,79.07798,18,Clear,Flyover,Medium,2,Medium
1988,Trimurti Nagar,21.15128,79.06092,19,Rain,City Road,Medium,6,Medium
1989,Pratap Nagar,21.11789,79.0509,2,Haze,Highway,Medium,5,High
1990,Zero Mile,21.16122,79.08121,18,Clear,Junction,Low,5,Medium
1991,Itwari,21.1523,79.11172,13,Clear,Junction,Medium,4,Medium
1992,Sadar,21.14748,79.07765,18,Clear,Ring Road,Medium,3,Low
1993,Nandanvan,21.11595,79.11533,7,Rain,City Road,High,7,Medium
1994,Mankapur,21.12741,79.05222,13,Clear,Highway,Medium,5,Medium
1995,Nagpur Railway Stn,21.16048,79.08826,8,Rain,Junction,Low,5,Medium
1996,Ambazari,21.14,79.00244,12,Clear,City Road,Medium,4,Low
1997,Beltarodi,21.05738,79.0309,19,Clear,Urban,Low,3,Low
1998,Koradi,21.25899,79.00576,14,Haze,Junction,Low,0,Medium
1999,Butibori,20.95068,79.03784,10,Rain,Urban,Low,5,Low
2000,MIDC Hingna,21.075,79.004,22,Fog,Urban,Medium,6,High
